Cidade;Estado;UF;Frete Mínimo;Frete One;Frete Two;Frete Three;Deadline;Transportadora
Abadia dos Dourados;Minas Gerais;MG;700;9;10,2;11,5;15;THM TRANSPORTE E LOGISTICA LTDA
Abaeté;Minas Gerais;MG;700;9;10,2;11,5;12;THM TRANSPORTE E LOGISTICA LTDA
Abre Campo;Minas Gerais;MG;700;9;10,2;11,5;15;THM TRANSPORTE E LOGISTICA LTDA
Acaiaca;Minas Gerais;MG;700;9;10,2;11,5;12;THM TRANSPORTE E LOGISTICA LTDA
Açucena;Minas Gerais;MG;700;9;10,2;11,5;12;THM TRANSPORTE E LOGISTICA LTDA
Água Boa;Minas Gerais;MG;700;9;10,2;11,5;15;THM TRANSPORTE E LOGISTICA LTDA
Água Comprida;Minas Gerais;MG;700;10;10,7;11,6;15;THM TRANSPORTE E LOGISTICA LTDA
Aguanil;Minas Gerais;MG;700;9;10,2;11,5;12;THM TRANSPORTE E LOGISTICA LTDA
Águas Formosas;Minas Gerais;MG;700;10;10,7;11,6;15;THM TRANSPORTE E LOGISTICA LTDA
Águas Vermelhas;Minas Gerais;MG;700;10;10,7;11,6;15;THM TRANSPORTE E LOGISTICA LTDA
Aimorés;Minas Gerais;MG;700;9;10,2;11,5;12;THM TRANSPORTE E LOGISTICA LTDA
Aiuruoca;Minas Gerais;MG;700;9;10,2;11,5;12;THM TRANSPORTE E LOGISTICA LTDA
Alagoa;Minas Gerais;MG;700;10;10,7;11,6;12;THM TRANSPORTE E LOGISTICA LTDA
Albertina;Minas Gerais;MG;700;9;10,2;11,5;12;THM TRANSPORTE E LOGISTICA LTDA
Além Paraíba;Minas Gerais;MG;700;10;10,7;11,6;12;THM TRANSPORTE E LOGISTICA LTDA
Alfenas;Minas Gerais;MG;700;9;10,2;11,5;12;THM TRANSPORTE E LOGISTICA LTDA
Alfredo Vasconcelos;Minas Gerais;MG;700;9;10,2;11,5;12;THM TRANSPORTE E LOGISTICA LTDA
Almenara;Minas Gerais;MG;700;10;10,7;11,6;15;THM TRANSPORTE E LOGISTICA LTDA
Alpercata;Minas Gerais;MG;700;9;10,2;11,5;12;THM TRANSPORTE E LOGISTICA LTDA
Alpinópolis;Minas Gerais;MG;700;9;10,2;11,5;12;THM TRANSPORTE E LOGISTICA LTDA
Alterosa;Minas Gerais;MG;700;9;10,2;11,5;12;THM TRANSPORTE E LOGISTICA LTDA
Alto Caparaó;Minas Gerais;MG;700;9;10,2;11,5;15;THM TRANSPORTE E LOGISTICA LTDA
Alto Rio Doce;Minas Gerais;MG;700;10;10,7;11,6;15;THM TRANSPORTE E LOGISTICA LTDA
Alvarenga;Minas Gerais;MG;700;9;10,2;11,5;12;THM TRANSPORTE E LOGISTICA LTDA
Alvinópolis;Minas Gerais;MG;700;9;10,2;11,5;12;THM TRANSPORTE E LOGISTICA LTDA
Alvorada de Minas;Minas Gerais;MG;700;9;10,2;11,5;12;THM TRANSPORTE E LOGISTICA LTDA
Amparo do Serra;Minas Gerais;MG;700;9;10,2;11,5;12;THM TRANSPORTE E LOGISTICA LTDA
Andradas;Minas Gerais;MG;700;5;5;5;12;E4LOG SOLUCOES LOGISTICAS LTDA
Cachoeira de Pajeú;Minas Gerais;MG;700;10;10,7;11,6;15;THM TRANSPORTE E LOGISTICA LTDA
Andrelândia;Minas Gerais;MG;700;9;10,2;11,5;12;THM TRANSPORTE E LOGISTICA LTDA
Angelândia;Minas Gerais;MG;700;9;10,2;11,5;15;THM TRANSPORTE E LOGISTICA LTDA
Antônio Carlos;Minas Gerais;MG;700;10;10,7;11,6;12;THM TRANSPORTE E LOGISTICA LTDA
Antônio Dias;Minas Gerais;MG;700;9;10,2;11,5;12;THM TRANSPORTE E LOGISTICA LTDA
Antônio Prado de Minas;Minas Gerais;MG;700;9;10,2;11,5;12;THM TRANSPORTE E LOGISTICA LTDA
Araçaí;Minas Gerais;MG;700;9;10,2;11,5;12;THM TRANSPORTE E LOGISTICA LTDA
Aracitaba;Minas Gerais;MG;700;9;10,2;11,5;15;THM TRANSPORTE E LOGISTICA LTDA
Araçuaí;Minas Gerais;MG;700;10;10,7;11,6;15;THM TRANSPORTE E LOGISTICA LTDA
Araguari;Minas Gerais;MG;700;5;5;5;12;E4LOG SOLUCOES LOGISTICAS LTDA
Arantina;Minas Gerais;MG;700;9;10,2;11,5;12;THM TRANSPORTE E LOGISTICA LTDA
Araponga;Minas Gerais;MG;700;10;10,7;11,6;12;THM TRANSPORTE E LOGISTICA LTDA
Araporã;Minas Gerais;MG;700;9;10,2;11,5;15;THM TRANSPORTE E LOGISTICA LTDA
Arapuá;Minas Gerais;MG;700;9;10,2;11,5;15;THM TRANSPORTE E LOGISTICA LTDA
Araújos;Minas Gerais;MG;700;9;10,2;11,5;12;THM TRANSPORTE E LOGISTICA LTDA
Araxá;Minas Gerais;MG;700;9;10,2;11,5;12;THM TRANSPORTE E LOGISTICA LTDA
Arceburgo;Minas Gerais;MG;700;9;10,2;11,5;12;THM TRANSPORTE E LOGISTICA LTDA
Arcos;Minas Gerais;MG;700;9;10,2;11,5;12;THM TRANSPORTE E LOGISTICA LTDA
Areado;Minas Gerais;MG;700;9;10,2;11,5;12;THM TRANSPORTE E LOGISTICA LTDA
Argirita;Minas Gerais;MG;700;9;10,2;11,5;15;THM TRANSPORTE E LOGISTICA LTDA
Aricanduva;Minas Gerais;MG;700;9;10,2;11,5;15;THM TRANSPORTE E LOGISTICA LTDA
Arinos;Minas Gerais;MG;700;10;10,7;11,6;15;THM TRANSPORTE E LOGISTICA LTDA
Astolfo Dutra;Minas Gerais;MG;700;10;10,7;11,6;12;THM TRANSPORTE E LOGISTICA LTDA
Ataléia;Minas Gerais;MG;700;10;10,7;11,6;15;THM TRANSPORTE E LOGISTICA LTDA
Augusto de Lima;Minas Gerais;MG;700;10;10,7;11,6;15;THM TRANSPORTE E LOGISTICA LTDA
Baependi;Minas Gerais;MG;700;10;10,7;11,6;12;THM TRANSPORTE E LOGISTICA LTDA
Baldim;Minas Gerais;MG;700;9;10,2;11,5;12;THM TRANSPORTE E LOGISTICA LTDA
Bambuí;Minas Gerais;MG;700;9;10,2;11,5;12;THM TRANSPORTE E LOGISTICA LTDA
Bandeira;Minas Gerais;MG;700;10;10,7;11,6;15;THM TRANSPORTE E LOGISTICA LTDA
Bandeira do Sul;Minas Gerais;MG;700;5;5;5;12;E4LOG SOLUCOES LOGISTICAS LTDA
Barão de Cocais;Minas Gerais;MG;700;9;10,2;11,5;12;THM TRANSPORTE E LOGISTICA LTDA
Barão de Monte Alto;Minas Gerais;MG;700;10;10,7;11,6;12;THM TRANSPORTE E LOGISTICA LTDA
Barbacena;Minas Gerais;MG;700;9;10,2;11,5;12;THM TRANSPORTE E LOGISTICA LTDA
Barra Longa;Minas Gerais;MG;700;9;10,2;11,5;12;THM TRANSPORTE E LOGISTICA LTDA
Barroso;Minas Gerais;MG;700;9;10,2;11,5;12;THM TRANSPORTE E LOGISTICA LTDA
Bela Vista de Minas;Minas Gerais;MG;700;9;10,2;11,5;12;THM TRANSPORTE E LOGISTICA LTDA
Belmiro Braga;Minas Gerais;MG;700;10;10,7;11,6;15;THM TRANSPORTE E LOGISTICA LTDA
Belo Horizonte;Minas Gerais;MG;700;9;10,2;11,5;8;THM TRANSPORTE E LOGISTICA LTDA
Belo Oriente;Minas Gerais;MG;700;9;10,2;11,5;12;THM TRANSPORTE E LOGISTICA LTDA
Belo Vale;Minas Gerais;MG;700;9;10,2;11,5;12;THM TRANSPORTE E LOGISTICA LTDA
Berilo;Minas Gerais;MG;700;10;10,7;11,6;15;THM TRANSPORTE E LOGISTICA LTDA
Bertópolis;Minas Gerais;MG;700;10;10,7;11,6;15;THM TRANSPORTE E LOGISTICA LTDA
Berizal;Minas Gerais;MG;700;10;10,7;11,6;15;THM TRANSPORTE E LOGISTICA LTDA
Betim;Minas Gerais;MG;700;9;10,2;11,5;8;THM TRANSPORTE E LOGISTICA LTDA
Bias Fortes;Minas Gerais;MG;700;10;10,7;11,6;15;THM TRANSPORTE E LOGISTICA LTDA
Bicas;Minas Gerais;MG;700;9;10,2;11,5;12;THM TRANSPORTE E LOGISTICA LTDA
Biquinhas;Minas Gerais;MG;700;9;10,2;11,5;12;THM TRANSPORTE E LOGISTICA LTDA
Boa Esperança;Minas Gerais;MG;700;9;10,2;11,5;18;THM TRANSPORTE E LOGISTICA LTDA
Bocaina de Minas;Minas Gerais;MG;700;10;10,7;11,6;12;THM TRANSPORTE E LOGISTICA LTDA
Bocaiúva;Minas Gerais;MG;700;9;10,2;11,5;15;THM TRANSPORTE E LOGISTICA LTDA
Bom Despacho;Minas Gerais;MG;700;9;10,2;11,5;12;THM TRANSPORTE E LOGISTICA LTDA
Bom Jardim de Minas;Minas Gerais;MG;700;10;10,7;11,6;12;THM TRANSPORTE E LOGISTICA LTDA
Bom Jesus da Penha;Minas Gerais;MG;700;9;10,2;11,5;12;THM TRANSPORTE E LOGISTICA LTDA
Bom Jesus do Amparo;Minas Gerais;MG;700;9;10,2;11,5;12;THM TRANSPORTE E LOGISTICA LTDA
Bom Jesus do Galho;Minas Gerais;MG;700;9;10,2;11,5;12;THM TRANSPORTE E LOGISTICA LTDA
Bom Repouso;Minas Gerais;MG;700;9;10,2;11,5;12;THM TRANSPORTE E LOGISTICA LTDA
Bom Sucesso;Minas Gerais;MG;700;9;10,2;11,5;12;THM TRANSPORTE E LOGISTICA LTDA
Bonfim;Minas Gerais;MG;700;9;10,2;11,5;12;THM TRANSPORTE E LOGISTICA LTDA
Bonfinópolis de Minas;Minas Gerais;MG;700;13;12;12;15;THM TRANSPORTE E LOGISTICA LTDA
Bonito de Minas;Minas Gerais;MG;700;10;10,7;11,6;15;THM TRANSPORTE E LOGISTICA LTDA
Borda da Mata;Minas Gerais;MG;700;5;5;5;12;E4LOG SOLUCOES LOGISTICAS LTDA
Botelhos;Minas Gerais;MG;700;5;5;5;12;E4LOG SOLUCOES LOGISTICAS LTDA
Botumirim;Minas Gerais;MG;700;9;10,2;11,5;15;THM TRANSPORTE E LOGISTICA LTDA
Brasilândia de Minas;Minas Gerais;MG;700;13;12;12;15;THM TRANSPORTE E LOGISTICA LTDA
Brasília de Minas;Minas Gerais;MG;700;10;10,7;11,6;15;THM TRANSPORTE E LOGISTICA LTDA
Brás Pires;Minas Gerais;MG;700;9;10,2;11,5;15;THM TRANSPORTE E LOGISTICA LTDA
Braúnas;Minas Gerais;MG;700;9;10,2;11,5;12;THM TRANSPORTE E LOGISTICA LTDA
Brazópolis;Minas Gerais;MG;700;9;10,2;11,5;12;THM TRANSPORTE E LOGISTICA LTDA
Brumadinho;Minas Gerais;MG;700;9;10,2;11,5;12;THM TRANSPORTE E LOGISTICA LTDA
Bueno Brandão;Minas Gerais;MG;700;10;10,7;11,6;12;THM TRANSPORTE E LOGISTICA LTDA
Buenópolis;Minas Gerais;MG;700;9;10,2;11,5;15;THM TRANSPORTE E LOGISTICA LTDA
Bugre;Minas Gerais;MG;700;9;10,2;11,5;12;THM TRANSPORTE E LOGISTICA LTDA
Buritis;Minas Gerais;MG;700;13;12;12;15;THM TRANSPORTE E LOGISTICA LTDA
Buritizeiro;Minas Gerais;MG;700;10;10,7;11,6;15;THM TRANSPORTE E LOGISTICA LTDA
Cabeceira Grande;Minas Gerais;MG;700;13;12;12;15;THM TRANSPORTE E LOGISTICA LTDA
Cabo Verde;Minas Gerais;MG;700;9;10,2;11,5;12;THM TRANSPORTE E LOGISTICA LTDA
Cachoeira da Prata;Minas Gerais;MG;700;9;10,2;11,5;12;THM TRANSPORTE E LOGISTICA LTDA
Cachoeira de Minas;Minas Gerais;MG;700;9;10,2;11,5;12;THM TRANSPORTE E LOGISTICA LTDA
Cachoeira Dourada;Minas Gerais;MG;700;10;10,7;11,6;15;THM TRANSPORTE E LOGISTICA LTDA
Caetanópolis;Minas Gerais;MG;700;9;10,2;11,5;12;THM TRANSPORTE E LOGISTICA LTDA
Caeté;Minas Gerais;MG;700;9;10,2;11,5;12;THM TRANSPORTE E LOGISTICA LTDA
Caiana;Minas Gerais;MG;700;5;5;5;15;E4LOG SOLUCOES LOGISTICAS LTDA
Cajuri;Minas Gerais;MG;700;10;10,7;11,6;12;THM TRANSPORTE E LOGISTICA LTDA
Caldas;Minas Gerais;MG;700;10;10,7;11,6;12;THM TRANSPORTE E LOGISTICA LTDA
Camacho;Minas Gerais;MG;700;9;10,2;11,5;12;THM TRANSPORTE E LOGISTICA LTDA
Camanducaia;Minas Gerais;MG;700;5;5;5;12;E4LOG SOLUCOES LOGISTICAS LTDA
Cambuí;Minas Gerais;MG;700;5;5;5;12;E4LOG SOLUCOES LOGISTICAS LTDA
Cambuquira;Minas Gerais;MG;700;9;10,2;11,5;12;THM TRANSPORTE E LOGISTICA LTDA
Campanário;Minas Gerais;MG;700;10;10,7;11,6;15;THM TRANSPORTE E LOGISTICA LTDA
Campanha;Minas Gerais;MG;700;5;5;5;12;E4LOG SOLUCOES LOGISTICAS LTDA
Campestre;Minas Gerais;MG;700;5;5;5;12;E4LOG SOLUCOES LOGISTICAS LTDA
Campina Verde;Minas Gerais;MG;700;9;10,2;11,5;15;THM TRANSPORTE E LOGISTICA LTDA
Campo Azul;Minas Gerais;MG;700;9;10,2;11,5;15;THM TRANSPORTE E LOGISTICA LTDA
Campo Belo;Minas Gerais;MG;700;10;10,7;11,6;12;THM TRANSPORTE E LOGISTICA LTDA
Campo do Meio;Minas Gerais;MG;700;9;10,2;11,5;12;THM TRANSPORTE E LOGISTICA LTDA
Campo Florido;Minas Gerais;MG;700;10;10,7;11,6;15;THM TRANSPORTE E LOGISTICA LTDA
Campos Altos;Minas Gerais;MG;700;10;10,7;11,6;15;THM TRANSPORTE E LOGISTICA LTDA
Campos Gerais;Minas Gerais;MG;700;9;10,2;11,5;12;THM TRANSPORTE E LOGISTICA LTDA
Canaã;Minas Gerais;MG;700;10;10,7;11,6;12;THM TRANSPORTE E LOGISTICA LTDA
Canápolis;Minas Gerais;MG;700;10;10,7;11,6;15;THM TRANSPORTE E LOGISTICA LTDA
Cana Verde;Minas Gerais;MG;700;9;10,2;11,5;12;THM TRANSPORTE E LOGISTICA LTDA
Candeias;Minas Gerais;MG;700;9;10,2;11,5;12;THM TRANSPORTE E LOGISTICA LTDA
Cantagalo;Minas Gerais;MG;700;10;10,7;11,6;15;THM TRANSPORTE E LOGISTICA LTDA
Caparaó;Minas Gerais;MG;700;10;10,7;11,6;15;THM TRANSPORTE E LOGISTICA LTDA
Capela Nova;Minas Gerais;MG;700;10;10,7;11,6;15;THM TRANSPORTE E LOGISTICA LTDA
Capelinha;Minas Gerais;MG;700;10;10,7;11,6;15;THM TRANSPORTE E LOGISTICA LTDA
Capetinga;Minas Gerais;MG;700;9;10,2;11,5;12;THM TRANSPORTE E LOGISTICA LTDA
Capim Branco;Minas Gerais;MG;700;9;10,2;11,5;12;THM TRANSPORTE E LOGISTICA LTDA
Capinópolis;Minas Gerais;MG;700;10;10,7;11,6;15;THM TRANSPORTE E LOGISTICA LTDA
Capitão Andrade;Minas Gerais;MG;700;9;10,2;11,5;12;THM TRANSPORTE E LOGISTICA LTDA
Capitão Enéas;Minas Gerais;MG;700;9;10,2;11,5;15;THM TRANSPORTE E LOGISTICA LTDA
Capitólio;Minas Gerais;MG;700;9;10,2;11,5;15;THM TRANSPORTE E LOGISTICA LTDA
Caputira;Minas Gerais;MG;700;9;10,2;11,5;15;THM TRANSPORTE E LOGISTICA LTDA
Caraí;Minas Gerais;MG;700;10;10,7;11,6;15;THM TRANSPORTE E LOGISTICA LTDA
Caranaíba;Minas Gerais;MG;700;9;10,2;11,5;12;THM TRANSPORTE E LOGISTICA LTDA
Carandaí;Minas Gerais;MG;700;10;10,7;11,6;12;THM TRANSPORTE E LOGISTICA LTDA
Carangola;Minas Gerais;MG;700;10;10,7;11,6;15;THM TRANSPORTE E LOGISTICA LTDA
Caratinga;Minas Gerais;MG;700;9;10,2;11,5;12;THM TRANSPORTE E LOGISTICA LTDA
Carbonita;Minas Gerais;MG;700;9;10,2;11,5;15;THM TRANSPORTE E LOGISTICA LTDA
Careaçu;Minas Gerais;MG;700;5;5;5;12;E4LOG SOLUCOES LOGISTICAS LTDA
Carlos Chagas;Minas Gerais;MG;700;10;10,7;11,6;15;THM TRANSPORTE E LOGISTICA LTDA
Carmésia;Minas Gerais;MG;700;9;10,2;11,5;15;THM TRANSPORTE E LOGISTICA LTDA
Carmo da Cachoeira;Minas Gerais;MG;700;9;10,2;11,5;12;THM TRANSPORTE E LOGISTICA LTDA
Carmo da Mata;Minas Gerais;MG;700;9;10,2;11,5;12;THM TRANSPORTE E LOGISTICA LTDA
Carmo de Minas;Minas Gerais;MG;700;9;10,2;11,5;12;THM TRANSPORTE E LOGISTICA LTDA
Carmo do Cajuru;Minas Gerais;MG;700;9;10,2;11,5;12;THM TRANSPORTE E LOGISTICA LTDA
Carmo do Paranaíba;Minas Gerais;MG;700;10;10,7;11,6;15;THM TRANSPORTE E LOGISTICA LTDA
Carmo do Rio Claro;Minas Gerais;MG;700;9;10,2;11,5;12;THM TRANSPORTE E LOGISTICA LTDA
Carmópolis de Minas;Minas Gerais;MG;700;9;10,2;11,5;12;THM TRANSPORTE E LOGISTICA LTDA
Carneirinho;Minas Gerais;MG;700;10;10,7;11,6;15;THM TRANSPORTE E LOGISTICA LTDA
Carrancas;Minas Gerais;MG;700;9;10,2;11,5;12;THM TRANSPORTE E LOGISTICA LTDA
Carvalhópolis;Minas Gerais;MG;700;10;10,7;11,6;12;THM TRANSPORTE E LOGISTICA LTDA
Carvalhos;Minas Gerais;MG;700;10;10,7;11,6;12;THM TRANSPORTE E LOGISTICA LTDA
Casa Grande;Minas Gerais;MG;700;10;10,7;11,6;12;THM TRANSPORTE E LOGISTICA LTDA
Cascalho Rico;Minas Gerais;MG;700;10;10,7;11,6;15;THM TRANSPORTE E LOGISTICA LTDA
Cássia;Minas Gerais;MG;700;9;10,2;11,5;12;THM TRANSPORTE E LOGISTICA LTDA
Conceição da Barra de Minas;Minas Gerais;MG;700;9;10,2;11,5;12;THM TRANSPORTE E LOGISTICA LTDA
Cataguases;Minas Gerais;MG;700;9;10,2;11,5;12;THM TRANSPORTE E LOGISTICA LTDA
Catas Altas;Minas Gerais;MG;700;9;10,2;11,5;12;THM TRANSPORTE E LOGISTICA LTDA
Catas Altas da Noruega;Minas Gerais;MG;700;10;10,7;11,6;12;THM TRANSPORTE E LOGISTICA LTDA
Catuji;Minas Gerais;MG;700;10;10,7;11,6;15;THM TRANSPORTE E LOGISTICA LTDA
Catuti;Minas Gerais;MG;700;10;10,7;11,6;15;THM TRANSPORTE E LOGISTICA LTDA
Caxambu;Minas Gerais;MG;700;9;10,2;11,5;12;THM TRANSPORTE E LOGISTICA LTDA
Cedro do Abaeté;Minas Gerais;MG;700;9;10,2;11,5;12;THM TRANSPORTE E LOGISTICA LTDA
Central de Minas;Minas Gerais;MG;700;9;10,2;11,5;12;THM TRANSPORTE E LOGISTICA LTDA
Centralina;Minas Gerais;MG;700;10;10,7;11,6;15;THM TRANSPORTE E LOGISTICA LTDA
Chácara;Minas Gerais;MG;700;9;10,2;11,5;15;THM TRANSPORTE E LOGISTICA LTDA
Chalé;Minas Gerais;MG;700;10;10,7;11,6;15;THM TRANSPORTE E LOGISTICA LTDA
Chapada do Norte;Minas Gerais;MG;700;10;10,7;11,6;15;THM TRANSPORTE E LOGISTICA LTDA
Chapada Gaúcha;Minas Gerais;MG;700;13;12;12;15;THM TRANSPORTE E LOGISTICA LTDA
Chiador;Minas Gerais;MG;700;10;10,7;11,6;15;THM TRANSPORTE E LOGISTICA LTDA
Cipotânea;Minas Gerais;MG;700;9;10,2;11,5;15;THM TRANSPORTE E LOGISTICA LTDA
Claraval;Minas Gerais;MG;700;10;10,7;11,6;12;THM TRANSPORTE E LOGISTICA LTDA
Claro dos Poções;Minas Gerais;MG;700;10;10,7;11,6;15;THM TRANSPORTE E LOGISTICA LTDA
Cláudio;Minas Gerais;MG;700;9;10,2;11,5;12;THM TRANSPORTE E LOGISTICA LTDA
Coimbra;Minas Gerais;MG;700;9;10,2;11,5;12;THM TRANSPORTE E LOGISTICA LTDA
Coluna;Minas Gerais;MG;700;9;10,2;11,5;15;THM TRANSPORTE E LOGISTICA LTDA
Comendador Gomes;Minas Gerais;MG;700;10;10,7;11,6;15;THM TRANSPORTE E LOGISTICA LTDA
Comercinho;Minas Gerais;MG;700;10;10,7;11,6;15;THM TRANSPORTE E LOGISTICA LTDA
Conceição da Aparecida;Minas Gerais;MG;700;9;10,2;11,5;12;THM TRANSPORTE E LOGISTICA LTDA
Conceição das Pedras;Minas Gerais;MG;700;9;10,2;11,5;12;THM TRANSPORTE E LOGISTICA LTDA
Conceição das Alagoas;Minas Gerais;MG;700;10;10,7;11,6;15;THM TRANSPORTE E LOGISTICA LTDA
Conceição de Ipanema;Minas Gerais;MG;700;9;10,2;11,5;15;THM TRANSPORTE E LOGISTICA LTDA
Conceição do Mato Dentro;Minas Gerais;MG;700;9;10,2;11,5;18;THM TRANSPORTE E LOGISTICA LTDA
Conceição do Pará;Minas Gerais;MG;700;9;10,2;11,5;12;THM TRANSPORTE E LOGISTICA LTDA
Conceição do Rio Verde;Minas Gerais;MG;700;9;10,2;11,5;12;THM TRANSPORTE E LOGISTICA LTDA
Conceição dos Ouros;Minas Gerais;MG;700;9;10,2;11,5;12;THM TRANSPORTE E LOGISTICA LTDA
Cônego Marinho;Minas Gerais;MG;700;9;10,2;11,5;15;THM TRANSPORTE E LOGISTICA LTDA
Confins;Minas Gerais;MG;700;9;10,2;11,5;12;THM TRANSPORTE E LOGISTICA LTDA
Congonhal;Minas Gerais;MG;700;5;5;5;12;E4LOG SOLUCOES LOGISTICAS LTDA
Congonhas;Minas Gerais;MG;700;9;10,2;11,5;12;THM TRANSPORTE E LOGISTICA LTDA
Congonhas do Norte;Minas Gerais;MG;700;9;10,2;11,5;15;THM TRANSPORTE E LOGISTICA LTDA
Conquista;Minas Gerais;MG;700;10;10,7;11,6;15;THM TRANSPORTE E LOGISTICA LTDA
Conselheiro Lafaiete;Minas Gerais;MG;700;9;10,2;11,5;12;THM TRANSPORTE E LOGISTICA LTDA
Conselheiro Pena;Minas Gerais;MG;700;9;10,2;11,5;12;THM TRANSPORTE E LOGISTICA LTDA
Consolação;Minas Gerais;MG;700;10;10,7;11,6;12;THM TRANSPORTE E LOGISTICA LTDA
Contagem;Minas Gerais;MG;700;9;10,2;11,5;8;THM TRANSPORTE E LOGISTICA LTDA
Coqueiral;Minas Gerais;MG;700;9;10,2;11,5;12;THM TRANSPORTE E LOGISTICA LTDA
Coração de Jesus;Minas Gerais;MG;700;9;10,2;11,5;15;THM TRANSPORTE E LOGISTICA LTDA
Cordisburgo;Minas Gerais;MG;700;9;10,2;11,5;12;THM TRANSPORTE E LOGISTICA LTDA
Cordislândia;Minas Gerais;MG;700;9;10,2;11,5;12;THM TRANSPORTE E LOGISTICA LTDA
Corinto;Minas Gerais;MG;700;9;10,2;11,5;12;THM TRANSPORTE E LOGISTICA LTDA
Coroaci;Minas Gerais;MG;700;9;10,2;11,5;12;THM TRANSPORTE E LOGISTICA LTDA
Coromandel;Minas Gerais;MG;700;10;10,7;11,6;15;THM TRANSPORTE E LOGISTICA LTDA
Coronel Fabriciano;Minas Gerais;MG;700;9;10,2;11,5;12;THM TRANSPORTE E LOGISTICA LTDA
Coronel Murta;Minas Gerais;MG;700;10;10,7;11,6;15;THM TRANSPORTE E LOGISTICA LTDA
Coronel Pacheco;Minas Gerais;MG;700;9;10,2;11,5;12;THM TRANSPORTE E LOGISTICA LTDA
Coronel Xavier Chaves;Minas Gerais;MG;700;9;10,2;11,5;12;THM TRANSPORTE E LOGISTICA LTDA
Córrego Danta;Minas Gerais;MG;700;9;10,2;11,5;12;THM TRANSPORTE E LOGISTICA LTDA
Córrego do Bom Jesus;Minas Gerais;MG;700;9;10,2;11,5;12;THM TRANSPORTE E LOGISTICA LTDA
Córrego Fundo;Minas Gerais;MG;700;9;10,2;11,5;12;THM TRANSPORTE E LOGISTICA LTDA
Córrego Novo;Minas Gerais;MG;700;9;10,2;11,5;12;THM TRANSPORTE E LOGISTICA LTDA
Couto de Magalhães de Minas;Minas Gerais;MG;700;9;10,2;11,5;12;THM TRANSPORTE E LOGISTICA LTDA
Crisólita;Minas Gerais;MG;700;10;10,7;11,6;15;THM TRANSPORTE E LOGISTICA LTDA
Cristais;Minas Gerais;MG;700;9;10,2;11,5;12;THM TRANSPORTE E LOGISTICA LTDA
Cristália;Minas Gerais;MG;700;9;10,2;11,5;15;THM TRANSPORTE E LOGISTICA LTDA
Cristiano Otoni;Minas Gerais;MG;700;9;10,2;11,5;12;THM TRANSPORTE E LOGISTICA LTDA
Cristina;Minas Gerais;MG;700;9;10,2;11,5;12;THM TRANSPORTE E LOGISTICA LTDA
Crucilândia;Minas Gerais;MG;700;9;10,2;11,5;12;THM TRANSPORTE E LOGISTICA LTDA
Cruzeiro da Fortaleza;Minas Gerais;MG;700;9;10,2;11,5;15;THM TRANSPORTE E LOGISTICA LTDA
Cruzília;Minas Gerais;MG;700;9;10,2;11,5;12;THM TRANSPORTE E LOGISTICA LTDA
Cuparaque;Minas Gerais;MG;700;9;10,2;11,5;12;THM TRANSPORTE E LOGISTICA LTDA
Curral de Dentro;Minas Gerais;MG;700;9;10,2;11,5;15;THM TRANSPORTE E LOGISTICA LTDA
Curvelo;Minas Gerais;MG;700;9;10,2;11,5;12;THM TRANSPORTE E LOGISTICA LTDA
Datas;Minas Gerais;MG;700;9;10,2;11,5;12;THM TRANSPORTE E LOGISTICA LTDA
Delfim Moreira;Minas Gerais;MG;700;9;10,2;11,5;12;THM TRANSPORTE E LOGISTICA LTDA
Delfinópolis;Minas Gerais;MG;700;10;10,7;11,6;12;THM TRANSPORTE E LOGISTICA LTDA
Delta;Minas Gerais;MG;700;5;5;5;15;E4LOG SOLUCOES LOGISTICAS LTDA
Descoberto;Minas Gerais;MG;700;9;10,2;11,5;12;THM TRANSPORTE E LOGISTICA LTDA
Desterro de Entre Rios;Minas Gerais;MG;700;9;10,2;11,5;12;THM TRANSPORTE E LOGISTICA LTDA
Desterro do Melo;Minas Gerais;MG;700;9;10,2;11,5;15;THM TRANSPORTE E LOGISTICA LTDA
Diamantina;Minas Gerais;MG;700;9;10,2;11,5;12;THM TRANSPORTE E LOGISTICA LTDA
Diogo de Vasconcelos;Minas Gerais;MG;700;9;10,2;11,5;12;THM TRANSPORTE E LOGISTICA LTDA
Dionísio;Minas Gerais;MG;700;9;10,2;11,5;12;THM TRANSPORTE E LOGISTICA LTDA
Divinésia;Minas Gerais;MG;700;9;10,2;11,5;15;THM TRANSPORTE E LOGISTICA LTDA
Divino;Minas Gerais;MG;700;10;10,7;11,6;15;THM TRANSPORTE E LOGISTICA LTDA
Divino das Laranjeiras;Minas Gerais;MG;700;9;10,2;11,5;12;THM TRANSPORTE E LOGISTICA LTDA
Divinolândia de Minas;Minas Gerais;MG;700;9;10,2;11,5;12;THM TRANSPORTE E LOGISTICA LTDA
Divinópolis;Minas Gerais;MG;700;9;10,2;11,5;12;THM TRANSPORTE E LOGISTICA LTDA
Divisa Alegre;Minas Gerais;MG;700;10;10,7;11,6;15;THM TRANSPORTE E LOGISTICA LTDA
Divisa Nova;Minas Gerais;MG;700;9;10,2;11,5;12;THM TRANSPORTE E LOGISTICA LTDA
Divisópolis;Minas Gerais;MG;700;10;10,7;11,6;15;THM TRANSPORTE E LOGISTICA LTDA
Dom Bosco;Minas Gerais;MG;700;13;12;12;15;THM TRANSPORTE E LOGISTICA LTDA
Dom Cavati;Minas Gerais;MG;700;9;10,2;11,5;12;THM TRANSPORTE E LOGISTICA LTDA
Dom Joaquim;Minas Gerais;MG;700;9;10,2;11,5;15;THM TRANSPORTE E LOGISTICA LTDA
Dom Silvério;Minas Gerais;MG;700;9;10,2;11,5;12;THM TRANSPORTE E LOGISTICA LTDA
Dom Viçoso;Minas Gerais;MG;700;9;10,2;11,5;12;THM TRANSPORTE E LOGISTICA LTDA
Dona Euzébia;Minas Gerais;MG;700;10;10,7;11,6;12;THM TRANSPORTE E LOGISTICA LTDA
Dores de Campos;Minas Gerais;MG;700;9;10,2;11,5;12;THM TRANSPORTE E LOGISTICA LTDA
Dores de Guanhães;Minas Gerais;MG;700;9;10,2;11,5;15;THM TRANSPORTE E LOGISTICA LTDA
Dores do Indaiá;Minas Gerais;MG;700;9;10,2;11,5;12;THM TRANSPORTE E LOGISTICA LTDA
Dores do Turvo;Minas Gerais;MG;700;9;10,2;11,5;15;THM TRANSPORTE E LOGISTICA LTDA
Doresópolis;Minas Gerais;MG;700;9;10,2;11,5;12;THM TRANSPORTE E LOGISTICA LTDA
Douradoquara;Minas Gerais;MG;700;10;10,7;11,6;15;THM TRANSPORTE E LOGISTICA LTDA
Durandé;Minas Gerais;MG;700;9;10,2;11,5;15;THM TRANSPORTE E LOGISTICA LTDA
Elói Mendes;Minas Gerais;MG;700;5;5;5;12;E4LOG SOLUCOES LOGISTICAS LTDA
Engenheiro Caldas;Minas Gerais;MG;700;9;10,2;11,5;12;THM TRANSPORTE E LOGISTICA LTDA
Engenheiro Navarro;Minas Gerais;MG;700;9;10,2;11,5;15;THM TRANSPORTE E LOGISTICA LTDA
Entre Folhas;Minas Gerais;MG;700;9;10,2;11,5;12;THM TRANSPORTE E LOGISTICA LTDA
Entre Rios de Minas;Minas Gerais;MG;700;9;10,2;11,5;12;THM TRANSPORTE E LOGISTICA LTDA
Ervália;Minas Gerais;MG;700;10;10,7;11,6;12;THM TRANSPORTE E LOGISTICA LTDA
Esmeraldas;Minas Gerais;MG;700;9;10,2;11,5;12;THM TRANSPORTE E LOGISTICA LTDA
Espera Feliz;Minas Gerais;MG;700;10;10,7;11,6;15;THM TRANSPORTE E LOGISTICA LTDA
Espinosa;Minas Gerais;MG;700;9;10,2;11,5;15;THM TRANSPORTE E LOGISTICA LTDA
Espírito Santo do Dourado;Minas Gerais;MG;700;9;10,2;11,5;12;THM TRANSPORTE E LOGISTICA LTDA
Estiva;Minas Gerais;MG;700;5;5;5;12;E4LOG SOLUCOES LOGISTICAS LTDA
Estrela Dalva;Minas Gerais;MG;700;10;10,7;11,6;15;THM TRANSPORTE E LOGISTICA LTDA
Estrela do Indaiá;Minas Gerais;MG;700;9;10,2;11,5;12;THM TRANSPORTE E LOGISTICA LTDA
Estrela do Sul;Minas Gerais;MG;700;9;10,2;11,5;15;THM TRANSPORTE E LOGISTICA LTDA
Eugenópolis;Minas Gerais;MG;700;10;10,7;11,6;12;THM TRANSPORTE E LOGISTICA LTDA
Ewbank da Câmara;Minas Gerais;MG;700;9;10,2;11,5;12;THM TRANSPORTE E LOGISTICA LTDA
Extrema;Minas Gerais;MG;700;5;5;5;12;E4LOG SOLUCOES LOGISTICAS LTDA
Fama;Minas Gerais;MG;700;9;10,2;11,5;12;THM TRANSPORTE E LOGISTICA LTDA
Faria Lemos;Minas Gerais;MG;700;9;10,2;11,5;15;THM TRANSPORTE E LOGISTICA LTDA
Felício dos Santos;Minas Gerais;MG;700;9;10,2;11,5;12;THM TRANSPORTE E LOGISTICA LTDA
São Gonçalo do Rio Preto;Minas Gerais;MG;700;9;10,2;11,5;12;THM TRANSPORTE E LOGISTICA LTDA
Felisburgo;Minas Gerais;MG;700;10;10,7;11,6;15;THM TRANSPORTE E LOGISTICA LTDA
Felixlândia;Minas Gerais;MG;700;9;10,2;11,5;12;THM TRANSPORTE E LOGISTICA LTDA
Fernandes Tourinho;Minas Gerais;MG;700;9;10,2;11,5;12;THM TRANSPORTE E LOGISTICA LTDA
Ferros;Minas Gerais;MG;700;9;10,2;11,5;12;THM TRANSPORTE E LOGISTICA LTDA
Fervedouro;Minas Gerais;MG;700;10;10,7;11,6;15;THM TRANSPORTE E LOGISTICA LTDA
Florestal;Minas Gerais;MG;700;9;10,2;11,5;12;THM TRANSPORTE E LOGISTICA LTDA
Formiga;Minas Gerais;MG;700;9;10,2;11,5;12;THM TRANSPORTE E LOGISTICA LTDA
Formoso;Minas Gerais;MG;700;13;12;12;15;THM TRANSPORTE E LOGISTICA LTDA
Fortaleza de Minas;Minas Gerais;MG;700;9;10,2;11,5;12;THM TRANSPORTE E LOGISTICA LTDA
Fortuna de Minas;Minas Gerais;MG;700;9;10,2;11,5;12;THM TRANSPORTE E LOGISTICA LTDA
Francisco Badaró;Minas Gerais;MG;700;10;10,7;11,6;15;THM TRANSPORTE E LOGISTICA LTDA
Francisco Dumont;Minas Gerais;MG;700;9;10,2;11,5;15;THM TRANSPORTE E LOGISTICA LTDA
Francisco Sá;Minas Gerais;MG;700;9;10,2;11,5;15;THM TRANSPORTE E LOGISTICA LTDA
Franciscópolis;Minas Gerais;MG;700;10;10,7;11,6;15;THM TRANSPORTE E LOGISTICA LTDA
Frei Gaspar;Minas Gerais;MG;700;10;10,7;11,6;15;THM TRANSPORTE E LOGISTICA LTDA
Frei Inocêncio;Minas Gerais;MG;700;9;10,2;11,5;12;THM TRANSPORTE E LOGISTICA LTDA
Frei Lagonegro;Minas Gerais;MG;700;9;10,2;11,5;15;THM TRANSPORTE E LOGISTICA LTDA
Fronteira;Minas Gerais;MG;700;9;10,2;11,5;15;THM TRANSPORTE E LOGISTICA LTDA
Fronteira dos Vales;Minas Gerais;MG;700;10;10,7;11,6;15;THM TRANSPORTE E LOGISTICA LTDA
Fruta de Leite;Minas Gerais;MG;700;10;10,7;11,6;15;THM TRANSPORTE E LOGISTICA LTDA
Frutal;Minas Gerais;MG;700;9;10,2;11,5;15;THM TRANSPORTE E LOGISTICA LTDA
Funilândia;Minas Gerais;MG;700;9;10,2;11,5;12;THM TRANSPORTE E LOGISTICA LTDA
Galiléia;Minas Gerais;MG;700;9;10,2;11,5;12;THM TRANSPORTE E LOGISTICA LTDA
Gameleiras;Minas Gerais;MG;700;9;10,2;11,5;15;THM TRANSPORTE E LOGISTICA LTDA
Glaucilândia;Minas Gerais;MG;700;9;10,2;11,5;15;THM TRANSPORTE E LOGISTICA LTDA
Goiabeira;Minas Gerais;MG;700;9;10,2;11,5;12;THM TRANSPORTE E LOGISTICA LTDA
Goianá;Minas Gerais;MG;700;9;10,2;11,5;12;THM TRANSPORTE E LOGISTICA LTDA
Gonçalves;Minas Gerais;MG;700;9;10,2;11,5;12;THM TRANSPORTE E LOGISTICA LTDA
Gonzaga;Minas Gerais;MG;700;10;10,7;11,6;12;THM TRANSPORTE E LOGISTICA LTDA
Gouveia;Minas Gerais;MG;700;9;10,2;11,5;12;THM TRANSPORTE E LOGISTICA LTDA
Governador Valadares;Minas Gerais;MG;700;9;10,2;11,5;12;THM TRANSPORTE E LOGISTICA LTDA
Grão Mogol;Minas Gerais;MG;700;10;10,7;11,6;15;THM TRANSPORTE E LOGISTICA LTDA
Grupiara;Minas Gerais;MG;700;10;10,7;11,6;15;THM TRANSPORTE E LOGISTICA LTDA
Guanhães;Minas Gerais;MG;700;9;10,2;11,5;15;THM TRANSPORTE E LOGISTICA LTDA
Guapé;Minas Gerais;MG;700;10;10,7;11,6;12;THM TRANSPORTE E LOGISTICA LTDA
Guaraciaba;Minas Gerais;MG;700;9;10,2;11,5;12;THM TRANSPORTE E LOGISTICA LTDA
Guaraciama;Minas Gerais;MG;700;9;10,2;11,5;15;THM TRANSPORTE E LOGISTICA LTDA
Guaranésia;Minas Gerais;MG;700;9;10,2;11,5;12;THM TRANSPORTE E LOGISTICA LTDA
Guarani;Minas Gerais;MG;700;10;10,7;11,6;15;THM TRANSPORTE E LOGISTICA LTDA
Guarará;Minas Gerais;MG;700;9;10,2;11,5;12;THM TRANSPORTE E LOGISTICA LTDA
Guarda-Mor;Minas Gerais;MG;700;9;10,2;11,5;15;THM TRANSPORTE E LOGISTICA LTDA
Guaxupé;Minas Gerais;MG;700;9;10,2;11,5;12;THM TRANSPORTE E LOGISTICA LTDA
Guidoval;Minas Gerais;MG;700;9;10,2;11,5;15;THM TRANSPORTE E LOGISTICA LTDA
Guimarânia;Minas Gerais;MG;700;9;10,2;11,5;15;THM TRANSPORTE E LOGISTICA LTDA
Guiricema;Minas Gerais;MG;700;10;10,7;11,6;12;THM TRANSPORTE E LOGISTICA LTDA
Gurinhatã;Minas Gerais;MG;700;10;10,7;11,6;15;THM TRANSPORTE E LOGISTICA LTDA
Heliodora;Minas Gerais;MG;700;9;10,2;11,5;12;THM TRANSPORTE E LOGISTICA LTDA
Iapu;Minas Gerais;MG;700;9;10,2;11,5;12;THM TRANSPORTE E LOGISTICA LTDA
Ibertioga;Minas Gerais;MG;700;9;10,2;11,5;12;THM TRANSPORTE E LOGISTICA LTDA
Ibiá;Minas Gerais;MG;700;9;10,2;11,5;15;THM TRANSPORTE E LOGISTICA LTDA
Ibiaí;Minas Gerais;MG;700;9;10,2;11,5;15;THM TRANSPORTE E LOGISTICA LTDA
Ibiracatu;Minas Gerais;MG;700;9;10,2;11,5;15;THM TRANSPORTE E LOGISTICA LTDA
Ibiraci;Minas Gerais;MG;700;10;10,7;11,6;12;THM TRANSPORTE E LOGISTICA LTDA
Ibirité;Minas Gerais;MG;700;9;10,2;11,5;12;THM TRANSPORTE E LOGISTICA LTDA
Ibitiúra de Minas;Minas Gerais;MG;700;9;10,2;11,5;12;THM TRANSPORTE E LOGISTICA LTDA
Ibituruna;Minas Gerais;MG;700;9;10,2;11,5;12;THM TRANSPORTE E LOGISTICA LTDA
Icaraí de Minas;Minas Gerais;MG;700;9;10,2;11,5;15;THM TRANSPORTE E LOGISTICA LTDA
Igarapé;Minas Gerais;MG;700;9;10,2;11,5;12;THM TRANSPORTE E LOGISTICA LTDA
Igaratinga;Minas Gerais;MG;700;9;10,2;11,5;12;THM TRANSPORTE E LOGISTICA LTDA
Iguatama;Minas Gerais;MG;700;9;10,2;11,5;12;THM TRANSPORTE E LOGISTICA LTDA
Ijaci;Minas Gerais;MG;700;9;10,2;11,5;12;THM TRANSPORTE E LOGISTICA LTDA
Ilicínea;Minas Gerais;MG;700;10;10,7;11,6;12;THM TRANSPORTE E LOGISTICA LTDA
Imbé de Minas;Minas Gerais;MG;700;9;10,2;11,5;12;THM TRANSPORTE E LOGISTICA LTDA
Inconfidentes;Minas Gerais;MG;700;5;5;5;12;E4LOG SOLUCOES LOGISTICAS LTDA
Indaiabira;Minas Gerais;MG;700;10;10,7;11,6;15;THM TRANSPORTE E LOGISTICA LTDA
Indianópolis;Minas Gerais;MG;700;9;10,2;11,5;15;THM TRANSPORTE E LOGISTICA LTDA
Ingaí;Minas Gerais;MG;700;10;10,7;11,6;12;THM TRANSPORTE E LOGISTICA LTDA
Inhapim;Minas Gerais;MG;700;9;10,2;11,5;12;THM TRANSPORTE E LOGISTICA LTDA
Inhaúma;Minas Gerais;MG;700;9;10,2;11,5;12;THM TRANSPORTE E LOGISTICA LTDA
Inimutaba;Minas Gerais;MG;700;9;10,2;11,5;12;THM TRANSPORTE E LOGISTICA LTDA
Ipaba;Minas Gerais;MG;700;9;10,2;11,5;12;THM TRANSPORTE E LOGISTICA LTDA
Ipanema;Minas Gerais;MG;700;9;10,2;11,5;15;THM TRANSPORTE E LOGISTICA LTDA
Ipatinga;Minas Gerais;MG;700;9;10,2;11,5;12;THM TRANSPORTE E LOGISTICA LTDA
Ipiaçu;Minas Gerais;MG;700;10;10,7;11,6;15;THM TRANSPORTE E LOGISTICA LTDA
Ipuiúna;Minas Gerais;MG;700;5;5;5;12;E4LOG SOLUCOES LOGISTICAS LTDA
Iraí de Minas;Minas Gerais;MG;700;9;10,2;11,5;15;THM TRANSPORTE E LOGISTICA LTDA
Itabira;Minas Gerais;MG;700;9;10,2;11,5;12;THM TRANSPORTE E LOGISTICA LTDA
Itabirinha;Minas Gerais;MG;700;9;10,2;11,5;12;THM TRANSPORTE E LOGISTICA LTDA
Itabirito;Minas Gerais;MG;700;9;10,2;11,5;12;THM TRANSPORTE E LOGISTICA LTDA
Itacambira;Minas Gerais;MG;700;9;10,2;11,5;15;THM TRANSPORTE E LOGISTICA LTDA
Itacarambi;Minas Gerais;MG;700;9;10,2;11,5;15;THM TRANSPORTE E LOGISTICA LTDA
Itaguara;Minas Gerais;MG;700;9;10,2;11,5;12;THM TRANSPORTE E LOGISTICA LTDA
Itaipé;Minas Gerais;MG;700;10;10,7;11,6;15;THM TRANSPORTE E LOGISTICA LTDA
Itajubá;Minas Gerais;MG;700;9;10,2;11,5;12;THM TRANSPORTE E LOGISTICA LTDA
Itamarandiba;Minas Gerais;MG;700;10;10,7;11,6;15;THM TRANSPORTE E LOGISTICA LTDA
Itamarati de Minas;Minas Gerais;MG;700;9;10,2;11,5;15;THM TRANSPORTE E LOGISTICA LTDA
Itambacuri;Minas Gerais;MG;700;10;10,7;11,6;15;THM TRANSPORTE E LOGISTICA LTDA
Itambé do Mato Dentro;Minas Gerais;MG;700;9;10,2;11,5;12;THM TRANSPORTE E LOGISTICA LTDA
Itamogi;Minas Gerais;MG;700;9;10,2;11,5;12;THM TRANSPORTE E LOGISTICA LTDA
Itamonte;Minas Gerais;MG;700;9;10,2;11,5;12;THM TRANSPORTE E LOGISTICA LTDA
Itanhandu;Minas Gerais;MG;700;9;10,2;11,5;12;THM TRANSPORTE E LOGISTICA LTDA
Itanhomi;Minas Gerais;MG;700;9;10,2;11,5;12;THM TRANSPORTE E LOGISTICA LTDA
Itaobim;Minas Gerais;MG;700;10;10,7;11,6;15;THM TRANSPORTE E LOGISTICA LTDA
Itapagipe;Minas Gerais;MG;700;9;10,2;11,5;15;THM TRANSPORTE E LOGISTICA LTDA
Itapecerica;Minas Gerais;MG;700;9;10,2;11,5;12;THM TRANSPORTE E LOGISTICA LTDA
Itapeva;Minas Gerais;MG;700;5;5;5;12;E4LOG SOLUCOES LOGISTICAS LTDA
Itatiaiuçu;Minas Gerais;MG;700;9;10,2;11,5;12;THM TRANSPORTE E LOGISTICA LTDA
Itaú de Minas;Minas Gerais;MG;700;9;10,2;11,5;12;THM TRANSPORTE E LOGISTICA LTDA
Itaúna;Minas Gerais;MG;700;9;10,2;11,5;12;THM TRANSPORTE E LOGISTICA LTDA
Itaverava;Minas Gerais;MG;700;9;10,2;11,5;12;THM TRANSPORTE E LOGISTICA LTDA
Itinga;Minas Gerais;MG;700;10;10,7;11,6;15;THM TRANSPORTE E LOGISTICA LTDA
Itueta;Minas Gerais;MG;700;9;10,2;11,5;12;THM TRANSPORTE E LOGISTICA LTDA
Ituiutaba;Minas Gerais;MG;700;9;10,2;11,5;12;THM TRANSPORTE E LOGISTICA LTDA
Itumirim;Minas Gerais;MG;700;10;10,7;11,6;12;THM TRANSPORTE E LOGISTICA LTDA
Iturama;Minas Gerais;MG;700;9;10,2;11,5;15;THM TRANSPORTE E LOGISTICA LTDA
Itutinga;Minas Gerais;MG;700;9;10,2;11,5;12;THM TRANSPORTE E LOGISTICA LTDA
Jaboticatubas;Minas Gerais;MG;700;9;10,2;11,5;12;THM TRANSPORTE E LOGISTICA LTDA
Jacinto;Minas Gerais;MG;700;10;10,7;11,6;15;THM TRANSPORTE E LOGISTICA LTDA
Jacuí;Minas Gerais;MG;700;10;10,7;11,6;12;THM TRANSPORTE E LOGISTICA LTDA
Jacutinga;Minas Gerais;MG;700;5;5;5;12;E4LOG SOLUCOES LOGISTICAS LTDA
Jaguaraçu;Minas Gerais;MG;700;9;10,2;11,5;12;THM TRANSPORTE E LOGISTICA LTDA
Jaíba;Minas Gerais;MG;700;9;10,2;11,5;15;THM TRANSPORTE E LOGISTICA LTDA
Jampruca;Minas Gerais;MG;700;9;10,2;11,5;12;THM TRANSPORTE E LOGISTICA LTDA
Janaúba;Minas Gerais;MG;700;9;10,2;11,5;15;THM TRANSPORTE E LOGISTICA LTDA
Januária;Minas Gerais;MG;700;10;10,7;11,6;15;THM TRANSPORTE E LOGISTICA LTDA
Japaraíba;Minas Gerais;MG;700;9;10,2;11,5;12;THM TRANSPORTE E LOGISTICA LTDA
Japonvar;Minas Gerais;MG;700;9;10,2;11,5;15;THM TRANSPORTE E LOGISTICA LTDA
Jeceaba;Minas Gerais;MG;700;9;10,2;11,5;12;THM TRANSPORTE E LOGISTICA LTDA
Jenipapo de Minas;Minas Gerais;MG;700;10;10,7;11,6;15;THM TRANSPORTE E LOGISTICA LTDA
Jequeri;Minas Gerais;MG;700;10;10,7;11,6;12;THM TRANSPORTE E LOGISTICA LTDA
Jequitaí;Minas Gerais;MG;700;9;10,2;11,5;15;THM TRANSPORTE E LOGISTICA LTDA
Jequitibá;Minas Gerais;MG;700;9;10,2;11,5;12;THM TRANSPORTE E LOGISTICA LTDA
Jequitinhonha;Minas Gerais;MG;700;11;11;11,7;15;THM TRANSPORTE E LOGISTICA LTDA
Jesuânia;Minas Gerais;MG;700;9;10,2;11,5;12;THM TRANSPORTE E LOGISTICA LTDA
Joaíma;Minas Gerais;MG;700;10;10,7;11,6;15;THM TRANSPORTE E LOGISTICA LTDA
Joanésia;Minas Gerais;MG;700;9;10,2;11,5;12;THM TRANSPORTE E LOGISTICA LTDA
João Monlevade;Minas Gerais;MG;700;9;10,2;11,5;12;THM TRANSPORTE E LOGISTICA LTDA
João Pinheiro;Minas Gerais;MG;700;9;10,2;11,5;15;THM TRANSPORTE E LOGISTICA LTDA
Joaquim Felício;Minas Gerais;MG;700;9;10,2;11,5;15;THM TRANSPORTE E LOGISTICA LTDA
Jordânia;Minas Gerais;MG;700;10;10,7;11,6;15;THM TRANSPORTE E LOGISTICA LTDA
José Gonçalves de Minas;Minas Gerais;MG;700;9;10,2;11,5;15;THM TRANSPORTE E LOGISTICA LTDA
José Raydan;Minas Gerais;MG;700;9;10,2;11,5;15;THM TRANSPORTE E LOGISTICA LTDA
Josenópolis;Minas Gerais;MG;700;9;10,2;11,5;15;THM TRANSPORTE E LOGISTICA LTDA
Nova União;Minas Gerais;MG;700;9;10,2;11,5;12;THM TRANSPORTE E LOGISTICA LTDA
Juatuba;Minas Gerais;MG;700;9;10,2;11,5;12;THM TRANSPORTE E LOGISTICA LTDA
Juiz de Fora;Minas Gerais;MG;700;9;10,2;11,5;12;THM TRANSPORTE E LOGISTICA LTDA
Juramento;Minas Gerais;MG;700;9;10,2;11,5;15;THM TRANSPORTE E LOGISTICA LTDA
Juruaia;Minas Gerais;MG;700;9;10,2;11,5;12;THM TRANSPORTE E LOGISTICA LTDA
Juvenília;Minas Gerais;MG;700;9;10,2;11,5;15;THM TRANSPORTE E LOGISTICA LTDA
Ladainha;Minas Gerais;MG;700;10;10,7;11,6;15;THM TRANSPORTE E LOGISTICA LTDA
Lagamar;Minas Gerais;MG;700;9;10,2;11,5;15;THM TRANSPORTE E LOGISTICA LTDA
Lagoa da Prata;Minas Gerais;MG;700;9;10,2;11,5;12;THM TRANSPORTE E LOGISTICA LTDA
Lagoa dos Patos;Minas Gerais;MG;700;9;10,2;11,5;15;THM TRANSPORTE E LOGISTICA LTDA
Lagoa Dourada;Minas Gerais;MG;700;9;10,2;11,5;12;THM TRANSPORTE E LOGISTICA LTDA
Lagoa Formosa;Minas Gerais;MG;700;9;10,2;11,5;15;THM TRANSPORTE E LOGISTICA LTDA
Lagoa Grande;Minas Gerais;MG;700;10;10,7;11,6;15;THM TRANSPORTE E LOGISTICA LTDA
Lagoa Santa;Minas Gerais;MG;700;9;10,2;11,5;12;THM TRANSPORTE E LOGISTICA LTDA
Lajinha;Minas Gerais;MG;700;9;10,2;11,5;15;THM TRANSPORTE E LOGISTICA LTDA
Lambari;Minas Gerais;MG;700;9;10,2;11,5;12;THM TRANSPORTE E LOGISTICA LTDA
Lamim;Minas Gerais;MG;700;10;10,7;11,6;12;THM TRANSPORTE E LOGISTICA LTDA
Laranjal;Minas Gerais;MG;700;10;10,7;11,6;12;THM TRANSPORTE E LOGISTICA LTDA
Lassance;Minas Gerais;MG;700;9;10,2;11,5;15;THM TRANSPORTE E LOGISTICA LTDA
Lavras;Minas Gerais;MG;700;9;10,2;11,5;12;THM TRANSPORTE E LOGISTICA LTDA
Leandro Ferreira;Minas Gerais;MG;700;9;10,2;11,5;12;THM TRANSPORTE E LOGISTICA LTDA
Leme do Prado;Minas Gerais;MG;700;10;10,7;11,6;15;THM TRANSPORTE E LOGISTICA LTDA
Leopoldina;Minas Gerais;MG;700;9;10,2;11,5;12;THM TRANSPORTE E LOGISTICA LTDA
Liberdade;Minas Gerais;MG;700;9;10,2;11,5;12;THM TRANSPORTE E LOGISTICA LTDA
Lima Duarte;Minas Gerais;MG;700;11;11;11,7;12;THM TRANSPORTE E LOGISTICA LTDA
Limeira do Oeste;Minas Gerais;MG;700;10;10,7;11,6;15;THM TRANSPORTE E LOGISTICA LTDA
Lontra;Minas Gerais;MG;700;9;10,2;11,5;15;THM TRANSPORTE E LOGISTICA LTDA
Luisburgo;Minas Gerais;MG;700;9;10,2;11,5;15;THM TRANSPORTE E LOGISTICA LTDA
Luislândia;Minas Gerais;MG;700;9;10,2;11,5;15;THM TRANSPORTE E LOGISTICA LTDA
Luminárias;Minas Gerais;MG;700;10;10,7;11,6;12;THM TRANSPORTE E LOGISTICA LTDA
Luz;Minas Gerais;MG;700;9;10,2;11,5;12;THM TRANSPORTE E LOGISTICA LTDA
Machacalis;Minas Gerais;MG;700;10;10,7;11,6;15;THM TRANSPORTE E LOGISTICA LTDA
Machado;Minas Gerais;MG;700;5;5;5;12;E4LOG SOLUCOES LOGISTICAS LTDA
Madre de Deus de Minas;Minas Gerais;MG;700;9;10,2;11,5;12;THM TRANSPORTE E LOGISTICA LTDA
Malacacheta;Minas Gerais;MG;700;10;10,7;11,6;15;THM TRANSPORTE E LOGISTICA LTDA
Mamonas;Minas Gerais;MG;700;10;10,7;11,6;15;THM TRANSPORTE E LOGISTICA LTDA
Manga;Minas Gerais;MG;700;9;10,2;11,5;15;THM TRANSPORTE E LOGISTICA LTDA
Manhuaçu;Minas Gerais;MG;700;9;10,2;11,5;12;THM TRANSPORTE E LOGISTICA LTDA
Manhumirim;Minas Gerais;MG;700;9;10,2;11,5;15;THM TRANSPORTE E LOGISTICA LTDA
Mantena;Minas Gerais;MG;700;9;10,2;11,5;12;THM TRANSPORTE E LOGISTICA LTDA
Maravilhas;Minas Gerais;MG;700;9;10,2;11,5;12;THM TRANSPORTE E LOGISTICA LTDA
Mar de Espanha;Minas Gerais;MG;700;10;10,7;11,6;12;THM TRANSPORTE E LOGISTICA LTDA
Maria da Fé;Minas Gerais;MG;700;9;10,2;11,5;12;THM TRANSPORTE E LOGISTICA LTDA
Mariana;Minas Gerais;MG;700;10;10,7;11,6;12;THM TRANSPORTE E LOGISTICA LTDA
Marilac;Minas Gerais;MG;700;9;10,2;11,5;12;THM TRANSPORTE E LOGISTICA LTDA
Mário Campos;Minas Gerais;MG;700;9;10,2;11,5;12;THM TRANSPORTE E LOGISTICA LTDA
Maripá de Minas;Minas Gerais;MG;700;9;10,2;11,5;12;THM TRANSPORTE E LOGISTICA LTDA
Marliéria;Minas Gerais;MG;700;9;10,2;11,5;12;THM TRANSPORTE E LOGISTICA LTDA
Marmelópolis;Minas Gerais;MG;700;10;10,7;11,6;12;THM TRANSPORTE E LOGISTICA LTDA
Martinho Campos;Minas Gerais;MG;700;9;10,2;11,5;12;THM TRANSPORTE E LOGISTICA LTDA
Martins Soares;Minas Gerais;MG;700;9;10,2;11,5;15;THM TRANSPORTE E LOGISTICA LTDA
Mata Verde;Minas Gerais;MG;700;10;10,7;11,6;15;THM TRANSPORTE E LOGISTICA LTDA
Materlândia;Minas Gerais;MG;700;9;10,2;11,5;15;THM TRANSPORTE E LOGISTICA LTDA
Mateus Leme;Minas Gerais;MG;700;9;10,2;11,5;12;THM TRANSPORTE E LOGISTICA LTDA
Matias Barbosa;Minas Gerais;MG;700;9;10,2;11,5;12;THM TRANSPORTE E LOGISTICA LTDA
Matias Cardoso;Minas Gerais;MG;700;9;10,2;11,5;15;THM TRANSPORTE E LOGISTICA LTDA
Matipó;Minas Gerais;MG;700;9;10,2;11,5;15;THM TRANSPORTE E LOGISTICA LTDA
Mato Verde;Minas Gerais;MG;700;9;10,2;11,5;15;THM TRANSPORTE E LOGISTICA LTDA
Matozinhos;Minas Gerais;MG;700;9;10,2;11,5;12;THM TRANSPORTE E LOGISTICA LTDA
Matutina;Minas Gerais;MG;700;9;10,2;11,5;15;THM TRANSPORTE E LOGISTICA LTDA
Medeiros;Minas Gerais;MG;700;9;10,2;11,5;12;THM TRANSPORTE E LOGISTICA LTDA
Medina;Minas Gerais;MG;700;10;10,7;11,6;15;THM TRANSPORTE E LOGISTICA LTDA
Mendes Pimentel;Minas Gerais;MG;700;9;10,2;11,5;12;THM TRANSPORTE E LOGISTICA LTDA
Mercês;Minas Gerais;MG;700;9;10,2;11,5;15;THM TRANSPORTE E LOGISTICA LTDA
Mesquita;Minas Gerais;MG;700;9;10,2;11,5;12;THM TRANSPORTE E LOGISTICA LTDA
Minas Novas;Minas Gerais;MG;700;10;10,7;11,6;15;THM TRANSPORTE E LOGISTICA LTDA
Minduri;Minas Gerais;MG;700;9;10,2;11,5;12;THM TRANSPORTE E LOGISTICA LTDA
Mirabela;Minas Gerais;MG;700;9;10,2;11,5;15;THM TRANSPORTE E LOGISTICA LTDA
Miradouro;Minas Gerais;MG;700;9;10,2;11,5;12;THM TRANSPORTE E LOGISTICA LTDA
Miraí;Minas Gerais;MG;700;10;10,7;11,6;12;THM TRANSPORTE E LOGISTICA LTDA
Miravânia;Minas Gerais;MG;700;10;10,7;11,6;15;THM TRANSPORTE E LOGISTICA LTDA
Moeda;Minas Gerais;MG;700;9;10,2;11,5;12;THM TRANSPORTE E LOGISTICA LTDA
Moema;Minas Gerais;MG;700;9;10,2;11,5;12;THM TRANSPORTE E LOGISTICA LTDA
Monjolos;Minas Gerais;MG;700;5;5;5;12;E4LOG SOLUCOES LOGISTICAS LTDA
Monsenhor Paulo;Minas Gerais;MG;700;5;5;5;12;E4LOG SOLUCOES LOGISTICAS LTDA
Montalvânia;Minas Gerais;MG;700;10;10,7;11,6;15;THM TRANSPORTE E LOGISTICA LTDA
Monte Alegre de Minas;Minas Gerais;MG;700;9;10,2;11,5;15;THM TRANSPORTE E LOGISTICA LTDA
Monte Azul;Minas Gerais;MG;700;9;10,2;11,5;15;THM TRANSPORTE E LOGISTICA LTDA
Monte Belo;Minas Gerais;MG;700;9;10,2;11,5;12;THM TRANSPORTE E LOGISTICA LTDA
Monte Carmelo;Minas Gerais;MG;700;9;10,2;11,5;15;THM TRANSPORTE E LOGISTICA LTDA
Monte Formoso;Minas Gerais;MG;700;10;10,7;11,6;15;THM TRANSPORTE E LOGISTICA LTDA
Monte Santo de Minas;Minas Gerais;MG;700;9;10,2;11,5;12;THM TRANSPORTE E LOGISTICA LTDA
Montes Claros;Minas Gerais;MG;700;9;10,2;11,5;12;THM TRANSPORTE E LOGISTICA LTDA
Monte Sião;Minas Gerais;MG;700;5;5;5;12;E4LOG SOLUCOES LOGISTICAS LTDA
Montezuma;Minas Gerais;MG;700;9;10,2;11,5;15;THM TRANSPORTE E LOGISTICA LTDA
Morada Nova de Minas;Minas Gerais;MG;700;10;10,7;11,6;12;THM TRANSPORTE E LOGISTICA LTDA
Morro da Garça;Minas Gerais;MG;700;9;10,2;11,5;12;THM TRANSPORTE E LOGISTICA LTDA
Morro do Pilar;Minas Gerais;MG;700;10;10,7;11,6;15;THM TRANSPORTE E LOGISTICA LTDA
Munhoz;Minas Gerais;MG;700;9;10,2;11,5;12;THM TRANSPORTE E LOGISTICA LTDA
Muriaé;Minas Gerais;MG;700;10;10,7;11,6;12;THM TRANSPORTE E LOGISTICA LTDA
Mutum;Minas Gerais;MG;700;9;10,2;11,5;15;THM TRANSPORTE E LOGISTICA LTDA
Muzambinho;Minas Gerais;MG;700;9;10,2;11,5;12;THM TRANSPORTE E LOGISTICA LTDA
Nacip Raydan;Minas Gerais;MG;700;9;10,2;11,5;12;THM TRANSPORTE E LOGISTICA LTDA
Nanuque;Minas Gerais;MG;700;10;10,7;11,6;15;THM TRANSPORTE E LOGISTICA LTDA
Naque;Minas Gerais;MG;700;10;10,7;11,6;12;THM TRANSPORTE E LOGISTICA LTDA
Natalândia;Minas Gerais;MG;700;13;12;12;15;THM TRANSPORTE E LOGISTICA LTDA
Natércia;Minas Gerais;MG;700;9;10,2;11,5;12;THM TRANSPORTE E LOGISTICA LTDA
Nazareno;Minas Gerais;MG;700;9;10,2;11,5;12;THM TRANSPORTE E LOGISTICA LTDA
Nepomuceno;Minas Gerais;MG;700;9;10,2;11,5;12;THM TRANSPORTE E LOGISTICA LTDA
Ninheira;Minas Gerais;MG;700;9;10,2;11,5;15;THM TRANSPORTE E LOGISTICA LTDA
Nova Belém;Minas Gerais;MG;700;9;10,2;11,5;12;THM TRANSPORTE E LOGISTICA LTDA
Nova Era;Minas Gerais;MG;700;9;10,2;11,5;12;THM TRANSPORTE E LOGISTICA LTDA
Nova Lima;Minas Gerais;MG;700;9;10,2;11,5;12;THM TRANSPORTE E LOGISTICA LTDA
Nova Módica;Minas Gerais;MG;700;9;10,2;11,5;12;THM TRANSPORTE E LOGISTICA LTDA
Nova Ponte;Minas Gerais;MG;700;5;5;5;15;E4LOG SOLUCOES LOGISTICAS LTDA
Nova Porteirinha;Minas Gerais;MG;700;9;10,2;11,5;15;THM TRANSPORTE E LOGISTICA LTDA
Nova Resende;Minas Gerais;MG;700;9;10,2;11,5;12;THM TRANSPORTE E LOGISTICA LTDA
Nova Serrana;Minas Gerais;MG;700;9;10,2;11,5;12;THM TRANSPORTE E LOGISTICA LTDA
Novo Cruzeiro;Minas Gerais;MG;700;10;10,7;11,6;15;THM TRANSPORTE E LOGISTICA LTDA
Novo Oriente de Minas;Minas Gerais;MG;700;10;10,7;11,6;15;THM TRANSPORTE E LOGISTICA LTDA
Novorizonte;Minas Gerais;MG;700;9;10,2;11,5;15;THM TRANSPORTE E LOGISTICA LTDA
Olaria;Minas Gerais;MG;700;9;10,2;11,5;12;THM TRANSPORTE E LOGISTICA LTDA
Olhos-d'Água;Minas Gerais;MG;700;9;10,2;11,5;15;THM TRANSPORTE E LOGISTICA LTDA
Olímpio Noronha;Minas Gerais;MG;700;9;10,2;11,5;12;THM TRANSPORTE E LOGISTICA LTDA
Oliveira;Minas Gerais;MG;700;9;10,2;11,5;12;THM TRANSPORTE E LOGISTICA LTDA
Oliveira Fortes;Minas Gerais;MG;700;9;10,2;11,5;15;THM TRANSPORTE E LOGISTICA LTDA
Onça de Pitangui;Minas Gerais;MG;700;9;10,2;11,5;12;THM TRANSPORTE E LOGISTICA LTDA
Oratórios;Minas Gerais;MG;700;9;10,2;11,5;12;THM TRANSPORTE E LOGISTICA LTDA
Orizânia;Minas Gerais;MG;700;9;10,2;11,5;15;THM TRANSPORTE E LOGISTICA LTDA
Ouro Branco;Minas Gerais;MG;700;9;10,2;11,5;12;THM TRANSPORTE E LOGISTICA LTDA
Ouro Fino;Minas Gerais;MG;700;5;5;5;12;E4LOG SOLUCOES LOGISTICAS LTDA
Ouro Preto;Minas Gerais;MG;700;10;10,7;11,6;12;THM TRANSPORTE E LOGISTICA LTDA
Ouro Verde de Minas;Minas Gerais;MG;700;10;10,7;11,6;15;THM TRANSPORTE E LOGISTICA LTDA
Padre Carvalho;Minas Gerais;MG;700;10;10,7;11,6;15;THM TRANSPORTE E LOGISTICA LTDA
Padre Paraíso;Minas Gerais;MG;700;10;10,7;11,6;15;THM TRANSPORTE E LOGISTICA LTDA
Paineiras;Minas Gerais;MG;700;9;10,2;11,5;12;THM TRANSPORTE E LOGISTICA LTDA
Pains;Minas Gerais;MG;700;9;10,2;11,5;12;THM TRANSPORTE E LOGISTICA LTDA
Pai Pedro;Minas Gerais;MG;700;9;10,2;11,5;15;THM TRANSPORTE E LOGISTICA LTDA
Paiva;Minas Gerais;MG;700;9;10,2;11,5;15;THM TRANSPORTE E LOGISTICA LTDA
Palma;Minas Gerais;MG;700;10;10,7;11,6;12;THM TRANSPORTE E LOGISTICA LTDA
Palmópolis;Minas Gerais;MG;700;10;10,7;11,6;15;THM TRANSPORTE E LOGISTICA LTDA
Papagaios;Minas Gerais;MG;700;9;10,2;11,5;12;THM TRANSPORTE E LOGISTICA LTDA
Paracatu;Minas Gerais;MG;700;9;10,2;11,5;15;THM TRANSPORTE E LOGISTICA LTDA
Pará de Minas;Minas Gerais;MG;700;9;10,2;11,5;12;THM TRANSPORTE E LOGISTICA LTDA
Paraguaçu;Minas Gerais;MG;700;5;5;5;12;E4LOG SOLUCOES LOGISTICAS LTDA
Paraisópolis;Minas Gerais;MG;700;9;10,2;11,5;12;THM TRANSPORTE E LOGISTICA LTDA
Paraopeba;Minas Gerais;MG;700;9;10,2;11,5;12;THM TRANSPORTE E LOGISTICA LTDA
Passabém;Minas Gerais;MG;700;9;10,2;11,5;12;THM TRANSPORTE E LOGISTICA LTDA
Passa Quatro;Minas Gerais;MG;700;9;10,2;11,5;12;THM TRANSPORTE E LOGISTICA LTDA
Passa Tempo;Minas Gerais;MG;700;9;10,2;11,5;12;THM TRANSPORTE E LOGISTICA LTDA
Passa Vinte;Minas Gerais;MG;700;10;10,7;11,6;12;THM TRANSPORTE E LOGISTICA LTDA
Passos;Minas Gerais;MG;700;9;10,2;11,5;12;THM TRANSPORTE E LOGISTICA LTDA
Patis;Minas Gerais;MG;700;9;10,2;11,5;15;THM TRANSPORTE E LOGISTICA LTDA
Patos de Minas;Minas Gerais;MG;700;9;10,2;11,5;15;THM TRANSPORTE E LOGISTICA LTDA
Patrocínio;Minas Gerais;MG;700;9;10,2;11,5;15;THM TRANSPORTE E LOGISTICA LTDA
Patrocínio do Muriaé;Minas Gerais;MG;700;9;10,2;11,5;12;THM TRANSPORTE E LOGISTICA LTDA
Paula Cândido;Minas Gerais;MG;700;9;10,2;11,5;12;THM TRANSPORTE E LOGISTICA LTDA
Paulistas;Minas Gerais;MG;700;9;10,2;11,5;15;THM TRANSPORTE E LOGISTICA LTDA
Pavão;Minas Gerais;MG;700;10;10,7;11,6;15;THM TRANSPORTE E LOGISTICA LTDA
Peçanha;Minas Gerais;MG;700;10;10,7;11,6;15;THM TRANSPORTE E LOGISTICA LTDA
Pedra Azul;Minas Gerais;MG;700;10;10,7;11,6;15;THM TRANSPORTE E LOGISTICA LTDA
Pedra Bonita;Minas Gerais;MG;700;10;10,7;11,6;15;THM TRANSPORTE E LOGISTICA LTDA
Pedra do Anta;Minas Gerais;MG;700;9;10,2;11,5;15;THM TRANSPORTE E LOGISTICA LTDA
Pedra do Indaiá;Minas Gerais;MG;700;9;10,2;11,5;12;THM TRANSPORTE E LOGISTICA LTDA
Pedra Dourada;Minas Gerais;MG;700;9;10,2;11,5;15;THM TRANSPORTE E LOGISTICA LTDA
Pedralva;Minas Gerais;MG;700;9;10,2;11,5;12;THM TRANSPORTE E LOGISTICA LTDA
Pedras de Maria da Cruz;Minas Gerais;MG;700;9;10,2;11,5;15;THM TRANSPORTE E LOGISTICA LTDA
Pedrinópolis;Minas Gerais;MG;700;9;10,2;11,5;15;THM TRANSPORTE E LOGISTICA LTDA
Pedro Leopoldo;Minas Gerais;MG;700;9;10,2;11,5;12;THM TRANSPORTE E LOGISTICA LTDA
Pedro Teixeira;Minas Gerais;MG;700;9;10,2;11,5;12;THM TRANSPORTE E LOGISTICA LTDA
Pequeri;Minas Gerais;MG;700;9;10,2;11,5;12;THM TRANSPORTE E LOGISTICA LTDA
Pequi;Minas Gerais;MG;700;9;10,2;11,5;12;THM TRANSPORTE E LOGISTICA LTDA
Perdigão;Minas Gerais;MG;700;9;10,2;11,5;12;THM TRANSPORTE E LOGISTICA LTDA
Perdizes;Minas Gerais;MG;700;9;10,2;11,5;15;THM TRANSPORTE E LOGISTICA LTDA
Perdões;Minas Gerais;MG;700;9;10,2;11,5;12;THM TRANSPORTE E LOGISTICA LTDA
Periquito;Minas Gerais;MG;700;9;10,2;11,5;12;THM TRANSPORTE E LOGISTICA LTDA
Pescador;Minas Gerais;MG;700;9;10,2;11,5;12;THM TRANSPORTE E LOGISTICA LTDA
Piau;Minas Gerais;MG;700;9;10,2;11,5;15;THM TRANSPORTE E LOGISTICA LTDA
Piedade de Caratinga;Minas Gerais;MG;700;9;10,2;11,5;12;THM TRANSPORTE E LOGISTICA LTDA
Piedade de Ponte Nova;Minas Gerais;MG;700;9;10,2;11,5;12;THM TRANSPORTE E LOGISTICA LTDA
Piedade do Rio Grande;Minas Gerais;MG;700;9;10,2;11,5;12;THM TRANSPORTE E LOGISTICA LTDA
Piedade dos Gerais;Minas Gerais;MG;700;9;10,2;11,5;12;THM TRANSPORTE E LOGISTICA LTDA
Pimenta;Minas Gerais;MG;700;9;10,2;11,5;12;THM TRANSPORTE E LOGISTICA LTDA
Pingo-d'Água;Minas Gerais;MG;700;9;10,2;11,5;12;THM TRANSPORTE E LOGISTICA LTDA
Pintópolis;Minas Gerais;MG;700;10;10,7;11,6;15;THM TRANSPORTE E LOGISTICA LTDA
Piracema;Minas Gerais;MG;700;9;10,2;11,5;12;THM TRANSPORTE E LOGISTICA LTDA
Pirajuba;Minas Gerais;MG;700;10;10,7;11,6;15;THM TRANSPORTE E LOGISTICA LTDA
Piranga;Minas Gerais;MG;700;10;10,7;11,6;12;THM TRANSPORTE E LOGISTICA LTDA
Piranguçu;Minas Gerais;MG;700;9;10,2;11,5;12;THM TRANSPORTE E LOGISTICA LTDA
Piranguinho;Minas Gerais;MG;700;9;10,2;11,5;12;THM TRANSPORTE E LOGISTICA LTDA
Pirapetinga;Minas Gerais;MG;700;10;10,7;11,6;15;THM TRANSPORTE E LOGISTICA LTDA
Pirapora;Minas Gerais;MG;700;9;10,2;11,5;15;THM TRANSPORTE E LOGISTICA LTDA
Piraúba;Minas Gerais;MG;700;9;10,2;11,5;12;THM TRANSPORTE E LOGISTICA LTDA
Pitangui;Minas Gerais;MG;700;9;10,2;11,5;12;THM TRANSPORTE E LOGISTICA LTDA
Piumhi;Minas Gerais;MG;700;9;10,2;11,5;12;THM TRANSPORTE E LOGISTICA LTDA
Planura;Minas Gerais;MG;700;9;10,2;11,5;15;THM TRANSPORTE E LOGISTICA LTDA
Poço Fundo;Minas Gerais;MG;700;9;10,2;11,5;12;THM TRANSPORTE E LOGISTICA LTDA
Poços de Caldas;Minas Gerais;MG;700;5;5;5;12;E4LOG SOLUCOES LOGISTICAS LTDA
Pocrane;Minas Gerais;MG;700;9;10,2;11,5;15;THM TRANSPORTE E LOGISTICA LTDA
Pompéu;Minas Gerais;MG;700;9;10,2;11,5;12;THM TRANSPORTE E LOGISTICA LTDA
Ponte Nova;Minas Gerais;MG;700;10;10,7;11,6;12;THM TRANSPORTE E LOGISTICA LTDA
Ponto Chique;Minas Gerais;MG;700;9;10,2;11,5;15;THM TRANSPORTE E LOGISTICA LTDA
Ponto dos Volantes;Minas Gerais;MG;700;10;10,7;11,6;15;THM TRANSPORTE E LOGISTICA LTDA
Porteirinha;Minas Gerais;MG;700;9;10,2;11,5;15;THM TRANSPORTE E LOGISTICA LTDA
Porto Firme;Minas Gerais;MG;700;9;10,2;11,5;12;THM TRANSPORTE E LOGISTICA LTDA
Poté;Minas Gerais;MG;700;10;10,7;11,6;15;THM TRANSPORTE E LOGISTICA LTDA
Pouso Alegre;Minas Gerais;MG;700;5;5;5;12;E4LOG SOLUCOES LOGISTICAS LTDA
Pouso Alto;Minas Gerais;MG;700;9;10,2;11,5;12;THM TRANSPORTE E LOGISTICA LTDA
Prados;Minas Gerais;MG;700;9;10,2;11,5;12;THM TRANSPORTE E LOGISTICA LTDA
Prata;Minas Gerais;MG;700;9;10,2;11,5;15;THM TRANSPORTE E LOGISTICA LTDA
Pratápolis;Minas Gerais;MG;700;9;10,2;11,5;12;THM TRANSPORTE E LOGISTICA LTDA
Pratinha;Minas Gerais;MG;700;10;10,7;11,6;15;THM TRANSPORTE E LOGISTICA LTDA
Presidente Bernardes;Minas Gerais;MG;700;9;10,2;11,5;12;THM TRANSPORTE E LOGISTICA LTDA
Presidente Juscelino;Minas Gerais;MG;700;9;10,2;11,5;12;THM TRANSPORTE E LOGISTICA LTDA
Presidente Kubitschek;Minas Gerais;MG;700;9;10,2;11,5;12;THM TRANSPORTE E LOGISTICA LTDA
Presidente Olegário;Minas Gerais;MG;700;9;10,2;11,5;15;THM TRANSPORTE E LOGISTICA LTDA
Alto Jequitibá;Minas Gerais;MG;700;9;10,2;11,5;15;THM TRANSPORTE E LOGISTICA LTDA
Prudente de Morais;Minas Gerais;MG;700;9;10,2;11,5;12;THM TRANSPORTE E LOGISTICA LTDA
Quartel Geral;Minas Gerais;MG;700;9;10,2;11,5;12;THM TRANSPORTE E LOGISTICA LTDA
Queluzito;Minas Gerais;MG;700;9;10,2;11,5;12;THM TRANSPORTE E LOGISTICA LTDA
Raposos;Minas Gerais;MG;700;9;10,2;11,5;12;THM TRANSPORTE E LOGISTICA LTDA
Raul Soares;Minas Gerais;MG;700;10;10,7;11,6;15;THM TRANSPORTE E LOGISTICA LTDA
Recreio;Minas Gerais;MG;700;10;10,7;11,6;15;THM TRANSPORTE E LOGISTICA LTDA
Reduto;Minas Gerais;MG;700;9;10,2;11,5;15;THM TRANSPORTE E LOGISTICA LTDA
Resende Costa;Minas Gerais;MG;700;10;10,7;11,6;12;THM TRANSPORTE E LOGISTICA LTDA
Resplendor;Minas Gerais;MG;700;9;10,2;11,5;12;THM TRANSPORTE E LOGISTICA LTDA
Ressaquinha;Minas Gerais;MG;700;9;10,2;11,5;12;THM TRANSPORTE E LOGISTICA LTDA
Riachinho;Minas Gerais;MG;700;13;12;12;15;THM TRANSPORTE E LOGISTICA LTDA
Riacho dos Machados;Minas Gerais;MG;700;9;10,2;11,5;15;THM TRANSPORTE E LOGISTICA LTDA
Ribeirão das Neves;Minas Gerais;MG;700;9;10,2;11,5;12;THM TRANSPORTE E LOGISTICA LTDA
Ribeirão Vermelho;Minas Gerais;MG;700;9;10,2;11,5;12;THM TRANSPORTE E LOGISTICA LTDA
Rio Acima;Minas Gerais;MG;700;9;10,2;11,5;12;THM TRANSPORTE E LOGISTICA LTDA
Rio Casca;Minas Gerais;MG;700;10;10,7;11,6;15;THM TRANSPORTE E LOGISTICA LTDA
Rio Doce;Minas Gerais;MG;700;9;10,2;11,5;12;THM TRANSPORTE E LOGISTICA LTDA
Rio do Prado;Minas Gerais;MG;700;10;10,7;11,6;15;THM TRANSPORTE E LOGISTICA LTDA
Rio Espera;Minas Gerais;MG;700;10;10,7;11,6;12;THM TRANSPORTE E LOGISTICA LTDA
Rio Manso;Minas Gerais;MG;700;9;10,2;11,5;12;THM TRANSPORTE E LOGISTICA LTDA
Rio Novo;Minas Gerais;MG;700;9;10,2;11,5;12;THM TRANSPORTE E LOGISTICA LTDA
Rio Paranaíba;Minas Gerais;MG;700;9;10,2;11,5;15;THM TRANSPORTE E LOGISTICA LTDA
Rio Pardo de Minas;Minas Gerais;MG;700;9;10,2;11,5;15;THM TRANSPORTE E LOGISTICA LTDA
Rio Piracicaba;Minas Gerais;MG;700;9;10,2;11,5;12;THM TRANSPORTE E LOGISTICA LTDA
Rio Pomba;Minas Gerais;MG;700;9;10,2;11,5;12;THM TRANSPORTE E LOGISTICA LTDA
Rio Preto;Minas Gerais;MG;700;10;10,7;11,6;12;THM TRANSPORTE E LOGISTICA LTDA
Rio Vermelho;Minas Gerais;MG;700;10;10,7;11,6;15;THM TRANSPORTE E LOGISTICA LTDA
Ritápolis;Minas Gerais;MG;700;9;10,2;11,5;12;THM TRANSPORTE E LOGISTICA LTDA
Rochedo de Minas;Minas Gerais;MG;700;9;10,2;11,5;12;THM TRANSPORTE E LOGISTICA LTDA
Rodeiro;Minas Gerais;MG;700;9;10,2;11,5;12;THM TRANSPORTE E LOGISTICA LTDA
Romaria;Minas Gerais;MG;700;9;10,2;11,5;15;THM TRANSPORTE E LOGISTICA LTDA
Rosário da Limeira;Minas Gerais;MG;700;9;10,2;11,5;12;THM TRANSPORTE E LOGISTICA LTDA
Rubelita;Minas Gerais;MG;700;9;10,2;11,5;15;THM TRANSPORTE E LOGISTICA LTDA
Rubim;Minas Gerais;MG;700;10;10,7;11,6;15;THM TRANSPORTE E LOGISTICA LTDA
Sabará;Minas Gerais;MG;700;9;10,2;11,5;12;THM TRANSPORTE E LOGISTICA LTDA
Sabinópolis;Minas Gerais;MG;700;9;10,2;11,5;15;THM TRANSPORTE E LOGISTICA LTDA
Sacramento;Minas Gerais;MG;700;10;10,7;11,6;15;THM TRANSPORTE E LOGISTICA LTDA
Salinas;Minas Gerais;MG;700;9;10,2;11,5;15;THM TRANSPORTE E LOGISTICA LTDA
Salto da Divisa;Minas Gerais;MG;700;10;10,7;11,6;15;THM TRANSPORTE E LOGISTICA LTDA
Santa Bárbara;Minas Gerais;MG;700;9;10,2;11,5;12;THM TRANSPORTE E LOGISTICA LTDA
Santa Bárbara do Leste;Minas Gerais;MG;700;9;10,2;11,5;15;THM TRANSPORTE E LOGISTICA LTDA
Santa Bárbara do Monte Verde;Minas Gerais;MG;700;10;10,7;11,6;15;THM TRANSPORTE E LOGISTICA LTDA
Santa Bárbara do Tugúrio;Minas Gerais;MG;700;10;10,7;11,6;15;THM TRANSPORTE E LOGISTICA LTDA
Santa Cruz de Minas;Minas Gerais;MG;700;9;10,2;11,5;12;THM TRANSPORTE E LOGISTICA LTDA
Santa Cruz de Salinas;Minas Gerais;MG;700;10;10,7;11,6;15;THM TRANSPORTE E LOGISTICA LTDA
Santa Cruz do Escalvado;Minas Gerais;MG;700;10;10,7;11,6;12;THM TRANSPORTE E LOGISTICA LTDA
Santa Efigênia de Minas;Minas Gerais;MG;700;9;10,2;11,5;12;THM TRANSPORTE E LOGISTICA LTDA
Santa Fé de Minas;Minas Gerais;MG;700;10;10,7;11,6;15;THM TRANSPORTE E LOGISTICA LTDA
Santa Helena de Minas;Minas Gerais;MG;700;10;10,7;11,6;15;THM TRANSPORTE E LOGISTICA LTDA
Santa Juliana;Minas Gerais;MG;700;9;10,2;11,5;15;THM TRANSPORTE E LOGISTICA LTDA
Santa Luzia;Minas Gerais;MG;700;9;10,2;11,5;12;THM TRANSPORTE E LOGISTICA LTDA
Santa Margarida;Minas Gerais;MG;700;9;10,2;11,5;15;THM TRANSPORTE E LOGISTICA LTDA
Santa Maria de Itabira;Minas Gerais;MG;700;9;10,2;11,5;12;THM TRANSPORTE E LOGISTICA LTDA
Santa Maria do Salto;Minas Gerais;MG;700;10;10,7;11,6;15;THM TRANSPORTE E LOGISTICA LTDA
Santa Maria do Suaçuí;Minas Gerais;MG;700;10;10,7;11,6;15;THM TRANSPORTE E LOGISTICA LTDA
Santana da Vargem;Minas Gerais;MG;700;9;10,2;11,5;12;THM TRANSPORTE E LOGISTICA LTDA
Santana de Cataguases;Minas Gerais;MG;700;10;10,7;11,6;15;THM TRANSPORTE E LOGISTICA LTDA
Santana de Pirapama;Minas Gerais;MG;700;9;10,2;11,5;12;THM TRANSPORTE E LOGISTICA LTDA
Santana do Deserto;Minas Gerais;MG;700;10;10,7;11,6;15;THM TRANSPORTE E LOGISTICA LTDA
Santana do Garambéu;Minas Gerais;MG;700;10;10,7;11,6;15;THM TRANSPORTE E LOGISTICA LTDA
Santana do Jacaré;Minas Gerais;MG;700;9;10,2;11,5;12;THM TRANSPORTE E LOGISTICA LTDA
Santana do Manhuaçu;Minas Gerais;MG;700;9;10,2;11,5;15;THM TRANSPORTE E LOGISTICA LTDA
Santana do Paraíso;Minas Gerais;MG;700;9;10,2;11,5;12;THM TRANSPORTE E LOGISTICA LTDA
Santana do Riacho;Minas Gerais;MG;700;9;10,2;11,5;12;THM TRANSPORTE E LOGISTICA LTDA
Santana dos Montes;Minas Gerais;MG;700;9;10,2;11,5;12;THM TRANSPORTE E LOGISTICA LTDA
Santa Rita de Caldas;Minas Gerais;MG;700;5;5;5;12;E4LOG SOLUCOES LOGISTICAS LTDA
Santa Rita de Jacutinga;Minas Gerais;MG;700;10;10,7;11,6;12;THM TRANSPORTE E LOGISTICA LTDA
Santa Rita de Minas;Minas Gerais;MG;700;9;10,2;11,5;15;THM TRANSPORTE E LOGISTICA LTDA
Santa Rita de Ibitipoca;Minas Gerais;MG;700;9;10,2;11,5;15;THM TRANSPORTE E LOGISTICA LTDA
Santa Rita do Itueto;Minas Gerais;MG;700;9;10,2;11,5;12;THM TRANSPORTE E LOGISTICA LTDA
Santa Rita do Sapucaí;Minas Gerais;MG;700;9;10,2;11,5;12;THM TRANSPORTE E LOGISTICA LTDA
Santa Rosa da Serra;Minas Gerais;MG;700;9;10,2;11,5;15;THM TRANSPORTE E LOGISTICA LTDA
Santa Vitória;Minas Gerais;MG;700;9;10,2;11,5;15;THM TRANSPORTE E LOGISTICA LTDA
Santo Antônio do Amparo;Minas Gerais;MG;700;9;10,2;11,5;12;THM TRANSPORTE E LOGISTICA LTDA
Santo Antônio do Aventureiro;Minas Gerais;MG;700;10;10,7;11,6;15;THM TRANSPORTE E LOGISTICA LTDA
Santo Antônio do Grama;Minas Gerais;MG;700;10;10,7;11,6;12;THM TRANSPORTE E LOGISTICA LTDA
Santo Antônio do Itambé;Minas Gerais;MG;700;9;10,2;11,5;15;THM TRANSPORTE E LOGISTICA LTDA
Santo Antônio do Jacinto;Minas Gerais;MG;700;10;10,7;11,6;15;THM TRANSPORTE E LOGISTICA LTDA
Santo Antônio do Monte;Minas Gerais;MG;700;9;10,2;11,5;12;THM TRANSPORTE E LOGISTICA LTDA
Santo Antônio do Retiro;Minas Gerais;MG;700;9;10,2;11,5;15;THM TRANSPORTE E LOGISTICA LTDA
Santo Antônio do Rio Abaixo;Minas Gerais;MG;700;9;10,2;11,5;12;THM TRANSPORTE E LOGISTICA LTDA
Santo Hipólito;Minas Gerais;MG;700;9;10,2;11,5;12;THM TRANSPORTE E LOGISTICA LTDA
Santos Dumont;Minas Gerais;MG;700;10;10,7;11,6;12;THM TRANSPORTE E LOGISTICA LTDA
São Bento Abade;Minas Gerais;MG;700;9;10,2;11,5;12;THM TRANSPORTE E LOGISTICA LTDA
São Brás do Suaçuí;Minas Gerais;MG;700;10;10,7;11,6;12;THM TRANSPORTE E LOGISTICA LTDA
São Domingos das Dores;Minas Gerais;MG;700;9;10,2;11,5;12;THM TRANSPORTE E LOGISTICA LTDA
São Domingos do Prata;Minas Gerais;MG;700;10;10,7;11,6;12;THM TRANSPORTE E LOGISTICA LTDA
São Félix de Minas;Minas Gerais;MG;700;9;10,2;11,5;12;THM TRANSPORTE E LOGISTICA LTDA
São Francisco;Minas Gerais;MG;700;9;10,2;11,5;15;THM TRANSPORTE E LOGISTICA LTDA
São Francisco de Paula;Minas Gerais;MG;700;9;10,2;11,5;12;THM TRANSPORTE E LOGISTICA LTDA
São Francisco de Sales;Minas Gerais;MG;700;9;10,2;11,5;15;THM TRANSPORTE E LOGISTICA LTDA
São Francisco do Glória;Minas Gerais;MG;700;9;10,2;11,5;15;THM TRANSPORTE E LOGISTICA LTDA
São Geraldo;Minas Gerais;MG;700;10;10,7;11,6;12;THM TRANSPORTE E LOGISTICA LTDA
São Geraldo da Piedade;Minas Gerais;MG;700;9;10,2;11,5;12;THM TRANSPORTE E LOGISTICA LTDA
São Geraldo do Baixio;Minas Gerais;MG;700;9;10,2;11,5;12;THM TRANSPORTE E LOGISTICA LTDA
São Gonçalo do Abaeté;Minas Gerais;MG;700;10;10,7;11,6;15;THM TRANSPORTE E LOGISTICA LTDA
São Gonçalo do Pará;Minas Gerais;MG;700;9;10,2;11,5;12;THM TRANSPORTE E LOGISTICA LTDA
São Gonçalo do Rio Abaixo;Minas Gerais;MG;700;9;10,2;11,5;12;THM TRANSPORTE E LOGISTICA LTDA
São Gonçalo do Sapucaí;Minas Gerais;MG;700;9;10,2;11,5;12;THM TRANSPORTE E LOGISTICA LTDA
São Gotardo;Minas Gerais;MG;700;9;10,2;11,5;15;THM TRANSPORTE E LOGISTICA LTDA
São João Batista do Glória;Minas Gerais;MG;700;10;10,7;11,6;12;THM TRANSPORTE E LOGISTICA LTDA
São João da Lagoa;Minas Gerais;MG;700;9;10,2;11,5;15;THM TRANSPORTE E LOGISTICA LTDA
São João da Mata;Minas Gerais;MG;700;5;5;5;12;E4LOG SOLUCOES LOGISTICAS LTDA
São João da Ponte;Minas Gerais;MG;700;9;10,2;11,5;15;THM TRANSPORTE E LOGISTICA LTDA
São João das Missões;Minas Gerais;MG;700;9;10,2;11,5;15;THM TRANSPORTE E LOGISTICA LTDA
São João del Rei;Minas Gerais;MG;700;9;10,2;11,5;12;THM TRANSPORTE E LOGISTICA LTDA
São João do Manhuaçu;Minas Gerais;MG;700;9;10,2;11,5;15;THM TRANSPORTE E LOGISTICA LTDA
São João do Manteninha;Minas Gerais;MG;700;9;10,2;11,5;12;THM TRANSPORTE E LOGISTICA LTDA
São João do Oriente;Minas Gerais;MG;700;9;10,2;11,5;12;THM TRANSPORTE E LOGISTICA LTDA
São João do Pacuí;Minas Gerais;MG;700;9;10,2;11,5;15;THM TRANSPORTE E LOGISTICA LTDA
São João do Paraíso;Minas Gerais;MG;700;9;10,2;11,5;15;THM TRANSPORTE E LOGISTICA LTDA
São João Evangelista;Minas Gerais;MG;700;9;10,2;11,5;15;THM TRANSPORTE E LOGISTICA LTDA
São João Nepomuceno;Minas Gerais;MG;700;10;10,7;11,6;12;THM TRANSPORTE E LOGISTICA LTDA
São Joaquim de Bicas;Minas Gerais;MG;700;9;10,2;11,5;12;THM TRANSPORTE E LOGISTICA LTDA
São José da Barra;Minas Gerais;MG;700;9;10,2;11,5;12;THM TRANSPORTE E LOGISTICA LTDA
São José da Lapa;Minas Gerais;MG;700;9;10,2;11,5;12;THM TRANSPORTE E LOGISTICA LTDA
São José da Safira;Minas Gerais;MG;700;9;10,2;11,5;12;THM TRANSPORTE E LOGISTICA LTDA
São José da Varginha;Minas Gerais;MG;700;9;10,2;11,5;12;THM TRANSPORTE E LOGISTICA LTDA
São José do Alegre;Minas Gerais;MG;700;9;10,2;11,5;12;THM TRANSPORTE E LOGISTICA LTDA
São José do Divino;Minas Gerais;MG;700;9;10,2;11,5;12;THM TRANSPORTE E LOGISTICA LTDA
São José do Goiabal;Minas Gerais;MG;700;9;10,2;11,5;12;THM TRANSPORTE E LOGISTICA LTDA
São José do Jacuri;Minas Gerais;MG;700;9;10,2;11,5;15;THM TRANSPORTE E LOGISTICA LTDA
São José do Mantimento;Minas Gerais;MG;700;9;10,2;11,5;15;THM TRANSPORTE E LOGISTICA LTDA
São Lourenço;Minas Gerais;MG;700;9;10,2;11,5;12;THM TRANSPORTE E LOGISTICA LTDA
São Miguel do Anta;Minas Gerais;MG;700;9;10,2;11,5;12;THM TRANSPORTE E LOGISTICA LTDA
São Pedro da União;Minas Gerais;MG;700;9;10,2;11,5;12;THM TRANSPORTE E LOGISTICA LTDA
São Pedro dos Ferros;Minas Gerais;MG;700;10;10,7;11,6;15;THM TRANSPORTE E LOGISTICA LTDA
São Pedro do Suaçuí;Minas Gerais;MG;700;9;10,2;11,5;15;THM TRANSPORTE E LOGISTICA LTDA
São Romão;Minas Gerais;MG;700;10;10,7;11,6;15;THM TRANSPORTE E LOGISTICA LTDA
São Roque de Minas;Minas Gerais;MG;700;9;10,2;11,5;12;THM TRANSPORTE E LOGISTICA LTDA
São Sebastião da Bela Vista;Minas Gerais;MG;700;9;10,2;11,5;12;THM TRANSPORTE E LOGISTICA LTDA
São Sebastião da Vargem Alegre;Minas Gerais;MG;700;9;10,2;11,5;12;THM TRANSPORTE E LOGISTICA LTDA
São Sebastião do Anta;Minas Gerais;MG;700;9;10,2;11,5;12;THM TRANSPORTE E LOGISTICA LTDA
São Sebastião do Maranhão;Minas Gerais;MG;700;9;10,2;11,5;15;THM TRANSPORTE E LOGISTICA LTDA
São Sebastião do Oeste;Minas Gerais;MG;700;9;10,2;11,5;12;THM TRANSPORTE E LOGISTICA LTDA
São Sebastião do Paraíso;Minas Gerais;MG;700;9;10,2;11,5;12;THM TRANSPORTE E LOGISTICA LTDA
São Sebastião do Rio Preto;Minas Gerais;MG;700;9;10,2;11,5;12;THM TRANSPORTE E LOGISTICA LTDA
São Sebastião do Rio Verde;Minas Gerais;MG;700;9;10,2;11,5;12;THM TRANSPORTE E LOGISTICA LTDA
São Tiago;Minas Gerais;MG;700;10;10,7;11,6;12;THM TRANSPORTE E LOGISTICA LTDA
São Tomás de Aquino;Minas Gerais;MG;700;9;10,2;11,5;12;THM TRANSPORTE E LOGISTICA LTDA
São Tomé das Letras;Minas Gerais;MG;700;9;10,2;11,5;12;THM TRANSPORTE E LOGISTICA LTDA
São Vicente de Minas;Minas Gerais;MG;700;9;10,2;11,5;12;THM TRANSPORTE E LOGISTICA LTDA
Sapucaí-Mirim;Minas Gerais;MG;700;9;10,2;11,5;12;THM TRANSPORTE E LOGISTICA LTDA
Sardoá;Minas Gerais;MG;700;9;10,2;11,5;12;THM TRANSPORTE E LOGISTICA LTDA
Sarzedo;Minas Gerais;MG;700;9;10,2;11,5;12;THM TRANSPORTE E LOGISTICA LTDA
Setubinha;Minas Gerais;MG;700;10;10,7;11,6;15;THM TRANSPORTE E LOGISTICA LTDA
Sem-Peixe;Minas Gerais;MG;700;9;10,2;11,5;12;THM TRANSPORTE E LOGISTICA LTDA
Senador Amaral;Minas Gerais;MG;700;9;10,2;11,5;12;THM TRANSPORTE E LOGISTICA LTDA
Senador Cortes;Minas Gerais;MG;700;9;10,2;11,5;15;THM TRANSPORTE E LOGISTICA LTDA
Senador Firmino;Minas Gerais;MG;700;9;10,2;11,5;15;THM TRANSPORTE E LOGISTICA LTDA
Senador José Bento;Minas Gerais;MG;700;9;10,2;11,5;12;THM TRANSPORTE E LOGISTICA LTDA
Senador Modestino Gonçalves;Minas Gerais;MG;700;9;10,2;11,5;12;THM TRANSPORTE E LOGISTICA LTDA
Senhora de Oliveira;Minas Gerais;MG;700;9;10,2;11,5;15;THM TRANSPORTE E LOGISTICA LTDA
Senhora do Porto;Minas Gerais;MG;700;9;10,2;11,5;15;THM TRANSPORTE E LOGISTICA LTDA
Senhora dos Remédios;Minas Gerais;MG;700;9;10,2;11,5;15;THM TRANSPORTE E LOGISTICA LTDA
Sericita;Minas Gerais;MG;700;9;10,2;11,5;15;THM TRANSPORTE E LOGISTICA LTDA
Seritinga;Minas Gerais;MG;700;9;10,2;11,5;12;THM TRANSPORTE E LOGISTICA LTDA
Serra Azul de Minas;Minas Gerais;MG;700;9;10,2;11,5;12;THM TRANSPORTE E LOGISTICA LTDA
Serra da Saudade;Minas Gerais;MG;700;10;10,7;11,6;12;THM TRANSPORTE E LOGISTICA LTDA
Serra dos Aimorés;Minas Gerais;MG;700;10;10,7;11,6;15;THM TRANSPORTE E LOGISTICA LTDA
Serra do Salitre;Minas Gerais;MG;700;9;10,2;11,5;15;THM TRANSPORTE E LOGISTICA LTDA
Serrania;Minas Gerais;MG;700;5;5;5;12;E4LOG SOLUCOES LOGISTICAS LTDA
Serranópolis de Minas;Minas Gerais;MG;700;9;10,2;11,5;15;THM TRANSPORTE E LOGISTICA LTDA
Serranos;Minas Gerais;MG;700;9;10,2;11,5;12;THM TRANSPORTE E LOGISTICA LTDA
Serro;Minas Gerais;MG;700;10;10,7;11,6;15;THM TRANSPORTE E LOGISTICA LTDA
Sete Lagoas;Minas Gerais;MG;700;9;10,2;11,5;12;THM TRANSPORTE E LOGISTICA LTDA
Silveirânia;Minas Gerais;MG;700;9;10,2;11,5;12;THM TRANSPORTE E LOGISTICA LTDA
Silvianópolis;Minas Gerais;MG;700;5;5;5;12;E4LOG SOLUCOES LOGISTICAS LTDA
Simão Pereira;Minas Gerais;MG;700;9;10,2;11,5;15;THM TRANSPORTE E LOGISTICA LTDA
Simonésia;Minas Gerais;MG;700;9;10,2;11,5;15;THM TRANSPORTE E LOGISTICA LTDA
Sobrália;Minas Gerais;MG;700;9;10,2;11,5;12;THM TRANSPORTE E LOGISTICA LTDA
Soledade de Minas;Minas Gerais;MG;700;9;10,2;11,5;12;THM TRANSPORTE E LOGISTICA LTDA
Tabuleiro;Minas Gerais;MG;700;9;10,2;11,5;12;THM TRANSPORTE E LOGISTICA LTDA
Taiobeiras;Minas Gerais;MG;700;10;10,7;11,6;15;THM TRANSPORTE E LOGISTICA LTDA
Taparuba;Minas Gerais;MG;700;9;10,2;11,5;15;THM TRANSPORTE E LOGISTICA LTDA
Tapira;Minas Gerais;MG;700;10;10,7;11,6;15;THM TRANSPORTE E LOGISTICA LTDA
Tapiraí;Minas Gerais;MG;700;9;10,2;11,5;12;THM TRANSPORTE E LOGISTICA LTDA
Taquaraçu de Minas;Minas Gerais;MG;700;9;10,2;11,5;12;THM TRANSPORTE E LOGISTICA LTDA
Tarumirim;Minas Gerais;MG;700;9;10,2;11,5;12;THM TRANSPORTE E LOGISTICA LTDA
Teixeiras;Minas Gerais;MG;700;9;10,2;11,5;15;THM TRANSPORTE E LOGISTICA LTDA
Teófilo Otoni;Minas Gerais;MG;700;10;10,7;11,6;15;THM TRANSPORTE E LOGISTICA LTDA
Timóteo;Minas Gerais;MG;700;9;10,2;11,5;12;THM TRANSPORTE E LOGISTICA LTDA
Tiradentes;Minas Gerais;MG;700;9;10,2;11,5;12;THM TRANSPORTE E LOGISTICA LTDA
Tiros;Minas Gerais;MG;700;9;10,2;11,5;15;THM TRANSPORTE E LOGISTICA LTDA
Tocantins;Minas Gerais;MG;700;9;10,2;11,5;12;THM TRANSPORTE E LOGISTICA LTDA
Tocos do Moji;Minas Gerais;MG;700;9;10,2;11,5;12;THM TRANSPORTE E LOGISTICA LTDA
Toledo;Minas Gerais;MG;700;9;10,2;11,5;12;THM TRANSPORTE E LOGISTICA LTDA
Tombos;Minas Gerais;MG;700;10;10,7;11,6;15;THM TRANSPORTE E LOGISTICA LTDA
Três Corações;Minas Gerais;MG;700;9;10,2;11,5;12;THM TRANSPORTE E LOGISTICA LTDA
Três Marias;Minas Gerais;MG;700;9;10,2;11,5;12;THM TRANSPORTE E LOGISTICA LTDA
Três Pontas;Minas Gerais;MG;700;9;10,2;11,5;12;THM TRANSPORTE E LOGISTICA LTDA
Tumiritinga;Minas Gerais;MG;700;9;10,2;11,5;12;THM TRANSPORTE E LOGISTICA LTDA
Tupaciguara;Minas Gerais;MG;700;9;10,2;11,5;15;THM TRANSPORTE E LOGISTICA LTDA
Turmalina;Minas Gerais;MG;700;10;10,7;11,6;15;THM TRANSPORTE E LOGISTICA LTDA
Turvolândia;Minas Gerais;MG;700;9;10,2;11,5;12;THM TRANSPORTE E LOGISTICA LTDA
Ubá;Minas Gerais;MG;700;9;10,2;11,5;12;THM TRANSPORTE E LOGISTICA LTDA
Ubaí;Minas Gerais;MG;700;9;10,2;11,5;15;THM TRANSPORTE E LOGISTICA LTDA
Ubaporanga;Minas Gerais;MG;700;9;10,2;11,5;12;THM TRANSPORTE E LOGISTICA LTDA
Uberaba;Minas Gerais;MG;700;5;5;5;12;E4LOG SOLUCOES LOGISTICAS LTDA
Uberlândia;Minas Gerais;MG;700;5;5;5;12;E4LOG SOLUCOES LOGISTICAS LTDA
Umburatiba;Minas Gerais;MG;700;10;10,7;11,6;15;THM TRANSPORTE E LOGISTICA LTDA
Unaí;Minas Gerais;MG;700;10;10,7;11,6;15;THM TRANSPORTE E LOGISTICA LTDA
União de Minas;Minas Gerais;MG;700;9;10,2;11,5;15;THM TRANSPORTE E LOGISTICA LTDA
Uruana de Minas;Minas Gerais;MG;700;13;12;12;15;THM TRANSPORTE E LOGISTICA LTDA
Urucânia;Minas Gerais;MG;700;10;10,7;11,6;12;THM TRANSPORTE E LOGISTICA LTDA
Urucuia;Minas Gerais;MG;700;13;12;12;15;THM TRANSPORTE E LOGISTICA LTDA
Vargem Alegre;Minas Gerais;MG;700;9;10,2;11,5;12;THM TRANSPORTE E LOGISTICA LTDA
Vargem Bonita;Minas Gerais;MG;700;10;10,7;11,6;12;THM TRANSPORTE E LOGISTICA LTDA
Vargem Grande do Rio Pardo;Minas Gerais;MG;700;9;10,2;11,5;15;THM TRANSPORTE E LOGISTICA LTDA
Varginha;Minas Gerais;MG;700;5;5;5;12;E4LOG SOLUCOES LOGISTICAS LTDA
Varjão de Minas;Minas Gerais;MG;700;10;10,7;11,6;15;THM TRANSPORTE E LOGISTICA LTDA
Várzea da Palma;Minas Gerais;MG;700;9;10,2;11,5;15;THM TRANSPORTE E LOGISTICA LTDA
Varzelândia;Minas Gerais;MG;700;10;10,7;11,6;15;THM TRANSPORTE E LOGISTICA LTDA
Vazante;Minas Gerais;MG;700;9;10,2;11,5;15;THM TRANSPORTE E LOGISTICA LTDA
Verdelândia;Minas Gerais;MG;700;10;10,7;11,6;15;THM TRANSPORTE E LOGISTICA LTDA
Veredinha;Minas Gerais;MG;700;10;10,7;11,6;15;THM TRANSPORTE E LOGISTICA LTDA
Veríssimo;Minas Gerais;MG;700;10;10,7;11,6;15;THM TRANSPORTE E LOGISTICA LTDA
Vermelho Novo;Minas Gerais;MG;700;9;10,2;11,5;15;THM TRANSPORTE E LOGISTICA LTDA
Vespasiano;Minas Gerais;MG;700;9;10,2;11,5;12;THM TRANSPORTE E LOGISTICA LTDA
Viçosa;Minas Gerais;MG;700;9;10,2;11,5;12;THM TRANSPORTE E LOGISTICA LTDA
Vieiras;Minas Gerais;MG;700;10;10,7;11,6;12;THM TRANSPORTE E LOGISTICA LTDA
Mathias Lobato;Minas Gerais;MG;700;9;10,2;11,5;12;THM TRANSPORTE E LOGISTICA LTDA
Virgem da Lapa;Minas Gerais;MG;700;10;10,7;11,6;15;THM TRANSPORTE E LOGISTICA LTDA
Virgínia;Minas Gerais;MG;700;9;10,2;11,5;12;THM TRANSPORTE E LOGISTICA LTDA
Virginópolis;Minas Gerais;MG;700;9;10,2;11,5;15;THM TRANSPORTE E LOGISTICA LTDA
Virgolândia;Minas Gerais;MG;700;9;10,2;11,5;12;THM TRANSPORTE E LOGISTICA LTDA
Visconde do Rio Branco;Minas Gerais;MG;700;9;10,2;11,5;12;THM TRANSPORTE E LOGISTICA LTDA
Volta Grande;Minas Gerais;MG;700;10;10,7;11,6;15;THM TRANSPORTE E LOGISTICA LTDA
Wenceslau Braz;Minas Gerais;MG;700;9;10,2;11,5;12;THM TRANSPORTE E LOGISTICA LTDA
